G10,G27,G08,G26,G31,G16,G23,G18,G07,G21
2,2.0,2.0,2.0,2.0,2.0,2.0,2.0,2.0,2.0
5,5.0,5.0,5.0,5.0,5.0,5.0,5.0,5.0,5.0
8,8.0,8.0,8.0,8.0,8.0,8.0,8.0,8.0,8.0
10,10.0,2.0,10.0,10.0,10.0,10.0,10.0,10.0,5.0
2,2.0,4.0,2.0,2.0,2.0,2.0,2.0,2.0,8.0
5,5.0,5.0,5.0,5.0,4.0,4.0,4.0,4.0,13.0
8,8.0,8.0,8.0,8.0,5.0,5.0,5.0,5.0,15.0
12,12.0,12.0,12.0,12.0,8.0,8.0,8.0,7.0,17.0
13,17.0,13.0,13.0,13.0,12.0,12.0,12.0,8.0,24.0
17,25.0,17.0,17.0,15.0,13.0,13.0,13.0,17.0,25.0
24,28.0,24.0,24.0,17.0,17.0,17.0,17.0,24.0,26.0
25,32.0,25.0,25.0,24.0,25.0,24.0,24.0,25.0,27.0
26,34.0,27.0,27.0,25.0,26.0,25.0,25.0,27.0,28.0
27,35.0,28.0,28.0,28.0,27.0,26.0,27.0,28.0,31.0
28,37.0,32.0,32.0,32.0,28.0,27.0,28.0,32.0,32.0
32,46.0,34.0,34.0,34.0,32.0,28.0,32.0,34.0,34.0
34,48.0,35.0,35.0,35.0,34.0,32.0,34.0,35.0,35.0
35,55.0,37.0,37.0,37.0,35.0,34.0,35.0,37.0,37.0
37,58.0,46.0,46.0,46.0,37.0,35.0,37.0,46.0,46.0
46,59.0,48.0,48.0,48.0,46.0,37.0,46.0,48.0,48.0
48,61.0,55.0,55.0,55.0,48.0,46.0,48.0,51.0,54.0
51,62.0,58.0,58.0,58.0,55.0,48.0,55.0,54.0,55.0
55,63.0,59.0,59.0,59.0,58.0,55.0,58.0,55.0,58.0
58,65.0,61.0,61.0,61.0,59.0,58.0,59.0,58.0,59.0
59,66.0,62.0,62.0,62.0,61.0,59.0,61.0,59.0,61.0
61,69.0,63.0,63.0,64.0,62.0,61.0,62.0,61.0,62.0
62,71.0,64.0,64.0,65.0,63.0,62.0,63.0,62.0,63.0
63,74.0,65.0,65.0,69.0,65.0,63.0,64.0,63.0,64.0
65,76.0,66.0,66.0,71.0,66.0,65.0,65.0,65.0,66.0
66,77.0,67.0,69.0,74.0,69.0,66.0,66.0,66.0,74.0
69,79.0,69.0,71.0,76.0,74.0,69.0,69.0,69.0,76.0
74,82.0,71.0,74.0,79.0,76.0,74.0,74.0,71.0,77.0
76,85.0,74.0,76.0,82.0,77.0,76.0,76.0,76.0,79.0
77,87.0,76.0,77.0,85.0,79.0,77.0,77.0,78.0,82.0
78,88.0,77.0,79.0,88.0,82.0,79.0,79.0,79.0,85.0
79,92.0,79.0,82.0,92.0,85.0,82.0,82.0,80.0,88.0
82,94.0,82.0,85.0,94.0,87.0,85.0,85.0,82.0,94.0
85,95.0,85.0,87.0,96.0,88.0,87.0,88.0,85.0,96.0
88,96.0,87.0,88.0,97.0,92.0,88.0,92.0,87.0,102.0
92,102.0,88.0,92.0,102.0,94.0,92.0,94.0,88.0,104.0
94,104.0,92.0,94.0,104.0,95.0,94.0,95.0,92.0,105.0
95,105.0,94.0,95.0,105.0,96.0,95.0,96.0,94.0,108.0
96,108.0,95.0,96.0,111.0,97.0,96.0,97.0,95.0,111.0
97,116.0,96.0,97.0,116.0,102.0,97.0,102.0,96.0,112.0
102,117.0,97.0,102.0,117.0,104.0,102.0,104.0,102.0,114.0
104,118.0,102.0,104.0,124.0,105.0,104.0,105.0,104.0,115.0
105,120.0,104.0,105.0,127.0,108.0,105.0,111.0,105.0,116.0
116,124.0,105.0,108.0,128.0,113.0,116.0,113.0,108.0,117.0
117,127.0,108.0,111.0,130.0,115.0,117.0,115.0,113.0,118.0
118,128.0,116.0,116.0,136.0,116.0,118.0,116.0,115.0,119.0
120,130.0,117.0,117.0,138.0,117.0,120.0,117.0,116.0,120.0
124,136.0,118.0,118.0,139.0,118.0,124.0,118.0,117.0,124.0
127,138.0,120.0,120.0,141.0,120.0,127.0,120.0,118.0,127.0
128,139.0,124.0,124.0,143.0,124.0,128.0,124.0,127.0,128.0
130,143.0,127.0,127.0,144.0,127.0,130.0,127.0,128.0,130.0
136,144.0,128.0,128.0,152.0,128.0,136.0,128.0,130.0,136.0
138,152.0,130.0,130.0,154.0,130.0,138.0,130.0,136.0,138.0
139,154.0,131.0,136.0,155.0,136.0,139.0,136.0,138.0,139.0
143,155.0,136.0,138.0,157.0,138.0,143.0,138.0,139.0,143.0
152,157.0,138.0,139.0,162.0,139.0,144.0,139.0,143.0,149.0
154,161.0,139.0,143.0,164.0,143.0,145.0,143.0,144.0,150.0
155,162.0,143.0,144.0,165.0,150.0,152.0,144.0,149.0,152.0
157,164.0,144.0,145.0,167.0,152.0,154.0,145.0,150.0,154.0
161,165.0,145.0,152.0,171.0,154.0,155.0,150.0,152.0,155.0
162,167.0,152.0,154.0,172.0,155.0,157.0,152.0,154.0,157.0
164,171.0,154.0,155.0,174.0,157.0,161.0,154.0,155.0,159.0
165,172.0,155.0,157.0,175.0,161.0,162.0,155.0,157.0,161.0
167,174.0,157.0,161.0,177.0,162.0,164.0,157.0,161.0,162.0
171,175.0,161.0,162.0,181.0,164.0,165.0,161.0,162.0,164.0
172,181.0,162.0,164.0,186.0,165.0,167.0,162.0,164.0,165.0
174,186.0,164.0,165.0,188.0,167.0,171.0,164.0,165.0,167.0
181,188.0,165.0,167.0,189.0,171.0,172.0,165.0,167.0,171.0
186,189.0,167.0,171.0,191.0,172.0,174.0,167.0,171.0,172.0
188,191.0,171.0,172.0,192.0,174.0,175.0,171.0,172.0,174.0
189,192.0,172.0,174.0,193.0,175.0,181.0,172.0,174.0,175.0
191,193.0,174.0,175.0,194.0,181.0,186.0,174.0,181.0,177.0
192,202.0,175.0,181.0,202.0,186.0,188.0,181.0,186.0,181.0
193,203.0,177.0,186.0,203.0,188.0,189.0,186.0,188.0,188.0
194,204.0,181.0,188.0,204.0,189.0,191.0,188.0,189.0,189.0
202,211.0,186.0,189.0,211.0,191.0,192.0,189.0,191.0,192.0
203,212.0,188.0,191.0,212.0,192.0,193.0,191.0,192.0,193.0
204,214.0,189.0,192.0,214.0,193.0,202.0,192.0,193.0,202.0
211,218.0,191.0,193.0,215.0,202.0,203.0,193.0,202.0,203.0
212,222.0,192.0,202.0,218.0,203.0,204.0,202.0,203.0,204.0
214,224.0,193.0,203.0,219.0,204.0,212.0,203.0,204.0,212.0
218,225.0,202.0,204.0,222.0,211.0,214.0,204.0,212.0,214.0
222,228.0,203.0,211.0,223.0,212.0,218.0,211.0,214.0,218.0
224,229.0,204.0,212.0,224.0,214.0,222.0,212.0,215.0,220.0
225,231.0,212.0,214.0,225.0,218.0,224.0,214.0,218.0,222.0
229,237.0,214.0,218.0,229.0,222.0,225.0,218.0,222.0,225.0
231,238.0,218.0,222.0,231.0,224.0,228.0,222.0,224.0,229.0
237,240.0,222.0,224.0,236.0,225.0,229.0,224.0,225.0,231.0
238,242.0,224.0,225.0,237.0,228.0,231.0,225.0,228.0,238.0
240,244.0,225.0,228.0,238.0,229.0,237.0,228.0,229.0,240.0
242,245.0,228.0,229.0,240.0,231.0,238.0,229.0,231.0,242.0
244,248.0,229.0,231.0,242.0,238.0,240.0,231.0,238.0,244.0
245,251.0,231.0,238.0,244.0,240.0,242.0,235.0,240.0,245.0
248,252.0,238.0,240.0,245.0,242.0,244.0,238.0,242.0,248.0
251,254.0,240.0,242.0,248.0,244.0,245.0,240.0,244.0,251.0
252,255.0,242.0,244.0,252.0,245.0,248.0,242.0,245.0,252.0
254,258.0,244.0,245.0,254.0,248.0,251.0,244.0,248.0,254.0
255,261.0,245.0,248.0,255.0,251.0,252.0,245.0,251.0,255.0
258,262.0,248.0,251.0,258.0,252.0,254.0,248.0,252.0,258.0
261,264.0,251.0,252.0,261.0,254.0,255.0,251.0,254.0,261.0
262,268.0,252.0,254.0,262.0,255.0,258.0,252.0,255.0,262.0
264,269.0,254.0,255.0,264.0,258.0,261.0,254.0,258.0,264.0
268,271.0,255.0,258.0,268.0,261.0,262.0,255.0,261.0,265.0
269,279.0,258.0,261.0,269.0,262.0,264.0,258.0,262.0,268.0
271,281.0,261.0,262.0,271.0,264.0,268.0,261.0,264.0,269.0
279,282.0,262.0,264.0,277.0,268.0,269.0,262.0,268.0,271.0
281,284.0,264.0,268.0,279.0,269.0,271.0,264.0,269.0,277.0
282,285.0,268.0,269.0,281.0,271.0,279.0,268.0,271.0,279.0
284,288.0,269.0,271.0,282.0,279.0,281.0,269.0,272.0,281.0
285,289.0,271.0,279.0,284.0,281.0,282.0,271.0,279.0,282.0
288,291.0,279.0,281.0,285.0,282.0,284.0,279.0,280.0,284.0
289,292.0,281.0,282.0,288.0,284.0,285.0,281.0,281.0,285.0
291,294.0,282.0,284.0,289.0,285.0,288.0,282.0,282.0,288.0
292,295.0,285.0,285.0,291.0,288.0,289.0,284.0,284.0,289.0
294,297.0,288.0,288.0,292.0,289.0,291.0,285.0,285.0,291.0
295,298.0,289.0,289.0,294.0,291.0,292.0,288.0,288.0,292.0
297,302.0,291.0,291.0,295.0,292.0,294.0,289.0,289.0,294.0
298,304.0,292.0,292.0,297.0,294.0,295.0,291.0,291.0,295.0
301,305.0,294.0,294.0,298.0,295.0,297.0,292.0,292.0,297.0
302,308.0,295.0,295.0,305.0,297.0,298.0,294.0,294.0,298.0
304,309.0,297.0,297.0,309.0,298.0,302.0,295.0,295.0,302.0
305,311.0,298.0,298.0,311.0,302.0,304.0,297.0,297.0,304.0
308,312.0,301.0,302.0,312.0,304.0,305.0,298.0,298.0,305.0
309,315.0,302.0,304.0,315.0,305.0,308.0,302.0,302.0,308.0
311,316.0,304.0,305.0,320.0,308.0,309.0,304.0,304.0,309.0
312,317.0,305.0,308.0,333.0,309.0,311.0,305.0,305.0,311.0
315,318.0,308.0,309.0,343.0,311.0,312.0,308.0,308.0,312.0
316,321.0,309.0,311.0,349.0,312.0,315.0,309.0,309.0,315.0
317,325.0,311.0,312.0,351.0,315.0,316.0,311.0,311.0,316.0
318,327.0,312.0,314.0,352.0,316.0,317.0,312.0,312.0,317.0
321,328.0,315.0,315.0,356.0,317.0,318.0,315.0,314.0,318.0
325,329.0,316.0,316.0,359.0,318.0,321.0,316.0,315.0,321.0
327,333.0,317.0,317.0,361.0,321.0,325.0,317.0,316.0,325.0
328,335.0,318.0,318.0,362.0,325.0,327.0,318.0,317.0,327.0
329,337.0,321.0,321.0,367.0,327.0,328.0,321.0,318.0,329.0
333,342.0,325.0,325.0,368.0,328.0,329.0,325.0,321.0,333.0
335,343.0,327.0,327.0,369.0,329.0,333.0,327.0,325.0,335.0
337,354.0,328.0,328.0,371.0,333.0,335.0,328.0,326.0,341.0
342,356.0,329.0,329.0,372.0,335.0,337.0,329.0,327.0,342.0
343,359.0,333.0,333.0,375.0,337.0,342.0,333.0,328.0,343.0
354,369.0,335.0,335.0,376.0,342.0,343.0,335.0,329.0,348.0
356,371.0,337.0,337.0,378.0,343.0,354.0,337.0,333.0,354.0
359,372.0,343.0,342.0,385.0,354.0,356.0,342.0,335.0,356.0
369,374.0,345.0,343.0,394.0,356.0,359.0,343.0,337.0,359.0
371,375.0,348.0,354.0,,359.0,369.0,354.0,343.0,367.0
372,376.0,354.0,356.0,,369.0,371.0,356.0,354.0,370.0
374,377.0,356.0,359.0,,371.0,372.0,359.0,356.0,371.0
375,378.0,358.0,369.0,,372.0,374.0,369.0,359.0,374.0
376,380.0,359.0,371.0,,374.0,375.0,371.0,367.0,376.0
377,385.0,369.0,372.0,,375.0,376.0,372.0,369.0,378.0
378,386.0,371.0,374.0,,376.0,377.0,374.0,371.0,379.0
379,388.0,372.0,375.0,,377.0,378.0,375.0,372.0,381.0
380,395.0,374.0,376.0,,378.0,379.0,376.0,374.0,385.0
385,398.0,375.0,377.0,,379.0,380.0,378.0,375.0,388.0
386,399.0,376.0,378.0,,380.0,385.0,379.0,376.0,395.0
388,401.0,378.0,379.0,,385.0,386.0,380.0,377.0,398.0
389,402.0,385.0,380.0,,386.0,388.0,385.0,378.0,399.0
395,403.0,386.0,385.0,,388.0,389.0,386.0,379.0,401.0
398,404.0,388.0,386.0,,395.0,395.0,388.0,380.0,402.0
399,408.0,395.0,388.0,,398.0,398.0,389.0,385.0,403.0
401,415.0,398.0,395.0,,399.0,399.0,395.0,386.0,404.0
402,419.0,399.0,398.0,,401.0,401.0,398.0,388.0,408.0
403,426.0,401.0,399.0,,402.0,402.0,399.0,389.0,415.0
404,428.0,402.0,401.0,,403.0,403.0,401.0,,417.0
408,429.0,403.0,402.0,,404.0,404.0,402.0,,419.0
415,431.0,404.0,403.0,,408.0,408.0,403.0,,426.0
419,432.0,408.0,404.0,,415.0,415.0,404.0,,429.0
421,433.0,415.0,408.0,,419.0,419.0,408.0,,432.0
426,434.0,419.0,415.0,,426.0,426.0,415.0,,433.0
428,436.0,426.0,419.0,,428.0,428.0,419.0,,434.0
429,437.0,428.0,421.0,,429.0,429.0,426.0,,436.0
431,439.0,429.0,426.0,,431.0,431.0,428.0,,437.0
432,440.0,431.0,428.0,,432.0,432.0,429.0,,439.0
433,444.0,432.0,429.0,,433.0,433.0,431.0,,444.0
434,449.0,433.0,431.0,,434.0,434.0,432.0,,449.0
436,458.0,434.0,432.0,,436.0,436.0,433.0,,450.0
437,459.0,436.0,433.0,,437.0,437.0,434.0,,459.0
439,461.0,437.0,434.0,,439.0,439.0,436.0,,461.0
440,462.0,439.0,436.0,,444.0,440.0,437.0,,462.0
441,464.0,440.0,437.0,,449.0,444.0,439.0,,463.0
444,466.0,444.0,439.0,,458.0,449.0,440.0,,464.0
449,472.0,449.0,444.0,,459.0,458.0,441.0,,465.0
458,474.0,458.0,449.0,,461.0,459.0,444.0,,466.0
459,476.0,459.0,458.0,,462.0,461.0,449.0,,472.0
461,480.0,461.0,459.0,,464.0,462.0,458.0,,473.0
462,481.0,462.0,461.0,,466.0,464.0,459.0,,474.0
464,486.0,464.0,462.0,,472.0,466.0,461.0,,476.0
466,488.0,466.0,464.0,,474.0,472.0,462.0,,480.0
472,492.0,472.0,466.0,,476.0,474.0,464.0,,481.0
474,493.0,474.0,472.0,,480.0,476.0,466.0,,483.0
476,494.0,476.0,474.0,,481.0,480.0,472.0,,486.0
480,498.0,480.0,476.0,,486.0,481.0,474.0,,488.0
481,506.0,481.0,480.0,,488.0,486.0,476.0,,492.0
486,508.0,486.0,481.0,,492.0,488.0,480.0,,493.0
488,512.0,488.0,486.0,,493.0,492.0,481.0,,505.0
492,513.0,492.0,488.0,,494.0,493.0,486.0,,508.0
493,514.0,493.0,492.0,,498.0,494.0,488.0,,509.0
494,521.0,498.0,493.0,,506.0,498.0,492.0,,511.0
498,528.0,506.0,494.0,,508.0,506.0,493.0,,512.0
506,531.0,508.0,498.0,,512.0,508.0,494.0,,514.0
508,532.0,509.0,506.0,,513.0,512.0,498.0,,515.0
512,534.0,512.0,508.0,,514.0,513.0,506.0,,519.0
513,539.0,513.0,509.0,,521.0,514.0,508.0,,520.0
514,541.0,514.0,512.0,,528.0,521.0,512.0,,521.0
521,542.0,521.0,513.0,,531.0,528.0,513.0,,527.0
528,544.0,528.0,514.0,,532.0,531.0,514.0,,528.0
531,545.0,531.0,521.0,,534.0,532.0,521.0,,532.0
532,554.0,532.0,528.0,,539.0,534.0,528.0,,534.0
534,557.0,534.0,531.0,,541.0,539.0,531.0,,539.0
539,558.0,539.0,532.0,,542.0,541.0,532.0,,541.0
541,559.0,541.0,534.0,,544.0,542.0,534.0,,542.0
542,564.0,542.0,539.0,,545.0,544.0,539.0,,544.0
544,565.0,544.0,541.0,,554.0,545.0,541.0,,545.0
545,567.0,545.0,542.0,,556.0,554.0,542.0,,554.0
556,570.0,554.0,544.0,,557.0,556.0,544.0,,557.0
557,572.0,557.0,545.0,,558.0,557.0,545.0,,558.0
558,574.0,558.0,554.0,,559.0,558.0,554.0,,559.0
559,575.0,559.0,556.0,,565.0,559.0,556.0,,564.0
564,576.0,565.0,557.0,,567.0,563.0,557.0,,565.0
565,577.0,567.0,558.0,,570.0,564.0,558.0,,567.0
567,578.0,572.0,559.0,,572.0,565.0,559.0,,570.0
570,579.0,574.0,564.0,,574.0,567.0,565.0,,571.0
571,581.0,575.0,565.0,,575.0,570.0,567.0,,572.0
572,582.0,576.0,567.0,,576.0,571.0,570.0,,574.0
574,585.0,577.0,570.0,,577.0,572.0,572.0,,576.0
576,586.0,578.0,572.0,,578.0,574.0,574.0,,578.0
578,588.0,579.0,574.0,,579.0,575.0,575.0,,579.0
579,589.0,581.0,575.0,,581.0,576.0,576.0,,581.0
581,592.0,583.0,576.0,,582.0,577.0,577.0,,582.0
582,594.0,585.0,577.0,,585.0,578.0,578.0,,585.0
585,595.0,586.0,578.0,,586.0,579.0,579.0,,588.0
586,598.0,588.0,579.0,,588.0,581.0,581.0,,595.0
588,599.0,590.0,581.0,,589.0,582.0,582.0,,598.0
589,601.0,594.0,582.0,,590.0,585.0,585.0,,599.0
592,602.0,595.0,585.0,,592.0,586.0,586.0,,601.0
594,604.0,598.0,586.0,,594.0,588.0,588.0,,602.0
595,605.0,599.0,588.0,,595.0,592.0,592.0,,604.0
598,608.0,601.0,589.0,,598.0,594.0,594.0,,605.0
599,609.0,602.0,590.0,,599.0,595.0,595.0,,608.0
601,616.0,604.0,592.0,,601.0,598.0,598.0,,609.0
602,618.0,605.0,594.0,,602.0,599.0,599.0,,610.0
604,622.0,608.0,595.0,,604.0,601.0,601.0,,614.0
605,623.0,609.0,598.0,,605.0,602.0,602.0,,616.0
608,627.0,614.0,599.0,,608.0,604.0,604.0,,618.0
609,630.0,616.0,601.0,,609.0,605.0,605.0,,622.0
611,631.0,618.0,602.0,,616.0,608.0,608.0,,623.0
614,632.0,622.0,604.0,,618.0,609.0,609.0,,627.0
616,635.0,623.0,605.0,,622.0,616.0,616.0,,630.0
618,636.0,627.0,608.0,,623.0,618.0,618.0,,631.0
622,638.0,631.0,609.0,,627.0,622.0,622.0,,632.0
623,639.0,632.0,616.0,,630.0,623.0,623.0,,635.0
627,640.0,635.0,618.0,,631.0,627.0,627.0,,636.0
630,641.0,636.0,622.0,,632.0,630.0,630.0,,638.0
631,647.0,638.0,623.0,,635.0,631.0,631.0,,640.0
632,649.0,639.0,627.0,,636.0,632.0,632.0,,641.0
635,651.0,640.0,630.0,,638.0,635.0,635.0,,646.0
636,652.0,641.0,631.0,,639.0,636.0,636.0,,649.0
638,654.0,647.0,632.0,,640.0,638.0,638.0,,651.0
639,657.0,649.0,635.0,,641.0,639.0,639.0,,654.0
640,660.0,651.0,636.0,,649.0,640.0,640.0,,657.0
641,661.0,652.0,638.0,,651.0,641.0,641.0,,660.0
649,665.0,654.0,639.0,,652.0,649.0,649.0,,661.0
651,669.0,657.0,640.0,,654.0,651.0,651.0,,665.0
652,671.0,660.0,641.0,,657.0,652.0,652.0,,669.0
654,675.0,661.0,649.0,,660.0,654.0,654.0,,671.0
657,677.0,662.0,651.0,,661.0,657.0,657.0,,675.0
660,678.0,665.0,652.0,,665.0,660.0,660.0,,678.0
661,686.0,669.0,654.0,,669.0,661.0,661.0,,684.0
665,688.0,671.0,657.0,,671.0,665.0,665.0,,686.0
669,694.0,675.0,660.0,,675.0,669.0,669.0,,698.0
671,698.0,677.0,661.0,,677.0,671.0,671.0,,699.0
674,700.0,678.0,665.0,,678.0,675.0,675.0,,700.0
675,702.0,686.0,669.0,,684.0,677.0,677.0,,702.0
677,704.0,688.0,671.0,,686.0,678.0,678.0,,704.0
678,715.0,698.0,675.0,,688.0,684.0,684.0,,712.0
684,717.0,700.0,677.0,,698.0,686.0,686.0,,714.0
686,718.0,702.0,678.0,,700.0,688.0,688.0,,715.0
688,722.0,703.0,684.0,,702.0,698.0,698.0,,717.0
698,723.0,704.0,686.0,,704.0,700.0,700.0,,718.0
700,724.0,715.0,688.0,,715.0,702.0,702.0,,722.0
702,732.0,717.0,698.0,,717.0,704.0,704.0,,724.0
704,734.0,718.0,700.0,,718.0,708.0,711.0,,732.0
715,735.0,722.0,702.0,,722.0,715.0,715.0,,734.0
718,738.0,723.0,704.0,,723.0,717.0,717.0,,735.0
722,739.0,724.0,715.0,,724.0,718.0,718.0,,738.0
723,741.0,732.0,717.0,,732.0,722.0,722.0,,739.0
724,742.0,734.0,718.0,,734.0,723.0,723.0,,741.0
732,746.0,735.0,722.0,,735.0,724.0,724.0,,748.0
734,748.0,738.0,723.0,,736.0,732.0,732.0,,749.0
735,749.0,739.0,724.0,,738.0,734.0,734.0,,751.0
736,751.0,741.0,732.0,,739.0,735.0,735.0,,754.0
738,753.0,742.0,734.0,,741.0,736.0,736.0,,755.0
739,754.0,746.0,735.0,,742.0,738.0,738.0,,758.0
741,755.0,748.0,736.0,,746.0,739.0,739.0,,759.0
742,757.0,749.0,738.0,,748.0,741.0,741.0,,769.0
746,758.0,751.0,739.0,,749.0,742.0,742.0,,772.0
748,759.0,753.0,741.0,,751.0,746.0,746.0,,774.0
749,761.0,754.0,742.0,,753.0,748.0,748.0,,779.0
751,766.0,755.0,746.0,,754.0,749.0,749.0,,780.0
753,767.0,756.0,748.0,,755.0,751.0,751.0,,781.0
754,768.0,758.0,749.0,,758.0,753.0,753.0,,782.0
755,769.0,759.0,751.0,,759.0,754.0,754.0,,784.0
758,772.0,767.0,753.0,,766.0,755.0,755.0,,785.0
759,774.0,768.0,754.0,,767.0,758.0,758.0,,788.0
761,778.0,769.0,755.0,,768.0,759.0,759.0,,789.0
766,779.0,772.0,758.0,,769.0,766.0,766.0,,791.0
767,780.0,774.0,759.0,,772.0,767.0,767.0,,793.0
768,781.0,778.0,766.0,,774.0,768.0,768.0,,797.0
769,782.0,779.0,768.0,,778.0,769.0,769.0,,799.0
772,785.0,780.0,769.0,,779.0,772.0,772.0,,800.0
774,788.0,781.0,772.0,,780.0,774.0,774.0,,801.0
778,789.0,782.0,774.0,,781.0,778.0,778.0,,802.0
779,791.0,784.0,778.0,,782.0,779.0,779.0,,803.0
780,797.0,785.0,779.0,,785.0,780.0,780.0,,808.0
781,799.0,788.0,780.0,,788.0,781.0,781.0,,810.0
782,801.0,789.0,781.0,,789.0,782.0,782.0,,812.0
785,802.0,791.0,782.0,,791.0,785.0,785.0,,813.0
788,803.0,797.0,785.0,,797.0,788.0,788.0,,815.0
789,808.0,799.0,788.0,,799.0,789.0,789.0,,816.0
791,810.0,800.0,789.0,,801.0,791.0,791.0,,817.0
797,812.0,801.0,791.0,,802.0,794.0,794.0,,818.0
799,813.0,802.0,797.0,,803.0,797.0,797.0,,819.0
802,815.0,803.0,799.0,,808.0,799.0,799.0,,820.0
803,817.0,807.0,801.0,,810.0,801.0,801.0,,821.0
808,818.0,808.0,802.0,,812.0,802.0,802.0,,822.0
810,819.0,810.0,803.0,,813.0,808.0,803.0,,823.0
812,820.0,812.0,808.0,,814.0,810.0,808.0,,828.0
813,821.0,813.0,810.0,,815.0,812.0,810.0,,832.0
814,822.0,815.0,812.0,,816.0,813.0,812.0,,833.0
815,828.0,816.0,813.0,,817.0,814.0,813.0,,838.0
817,832.0,817.0,815.0,,818.0,815.0,815.0,,839.0
818,833.0,818.0,818.0,,819.0,816.0,817.0,,841.0
819,837.0,819.0,819.0,,820.0,817.0,818.0,,843.0
820,839.0,820.0,820.0,,821.0,818.0,819.0,,852.0
821,841.0,821.0,821.0,,822.0,819.0,820.0,,854.0
822,843.0,822.0,822.0,,828.0,820.0,821.0,,859.0
828,844.0,828.0,828.0,,832.0,821.0,822.0,,860.0
832,845.0,832.0,832.0,,833.0,822.0,828.0,,861.0
833,852.0,833.0,833.0,,835.0,828.0,832.0,,865.0
835,859.0,839.0,837.0,,837.0,832.0,833.0,,868.0
839,860.0,840.0,839.0,,839.0,833.0,835.0,,870.0
841,861.0,841.0,840.0,,840.0,837.0,839.0,,879.0
843,865.0,843.0,841.0,,841.0,839.0,841.0,,880.0
844,868.0,844.0,843.0,,843.0,841.0,843.0,,882.0
845,870.0,852.0,844.0,,844.0,843.0,844.0,,884.0
851,879.0,854.0,845.0,,845.0,844.0,845.0,,888.0
852,880.0,859.0,852.0,,852.0,845.0,859.0,,895.0
859,882.0,860.0,859.0,,859.0,851.0,860.0,,897.0
860,884.0,861.0,860.0,,860.0,852.0,861.0,,902.0
861,888.0,865.0,861.0,,861.0,859.0,865.0,,904.0
865,895.0,868.0,865.0,,865.0,860.0,868.0,,905.0
868,897.0,870.0,868.0,,868.0,861.0,870.0,,908.0
870,902.0,879.0,870.0,,870.0,865.0,879.0,,909.0
879,904.0,880.0,879.0,,879.0,868.0,880.0,,912.0
880,905.0,882.0,880.0,,880.0,870.0,882.0,,914.0
882,908.0,884.0,882.0,,882.0,879.0,884.0,,915.0
884,909.0,888.0,884.0,,884.0,880.0,888.0,,917.0
888,911.0,895.0,888.0,,888.0,882.0,895.0,,924.0
895,912.0,897.0,895.0,,895.0,884.0,897.0,,925.0
897,914.0,902.0,897.0,,897.0,888.0,902.0,,926.0
902,915.0,905.0,902.0,,902.0,895.0,905.0,,928.0
904,917.0,908.0,905.0,,904.0,897.0,908.0,,930.0
905,928.0,909.0,908.0,,905.0,902.0,909.0,,934.0
908,930.0,911.0,909.0,,908.0,904.0,911.0,,935.0
909,934.0,912.0,911.0,,909.0,905.0,912.0,,940.0
911,935.0,914.0,912.0,,911.0,908.0,914.0,,941.0
912,940.0,915.0,914.0,,912.0,909.0,915.0,,946.0
914,941.0,917.0,915.0,,914.0,911.0,917.0,,948.0
915,946.0,930.0,917.0,,915.0,912.0,928.0,,952.0
917,948.0,931.0,928.0,,917.0,914.0,930.0,,959.0
930,949.0,934.0,930.0,,928.0,915.0,935.0,,961.0
931,952.0,935.0,940.0,,930.0,917.0,940.0,,965.0
940,954.0,940.0,941.0,,935.0,928.0,941.0,,966.0
941,959.0,941.0,946.0,,940.0,930.0,946.0,,968.0
946,961.0,946.0,948.0,,941.0,934.0,948.0,,969.0
948,965.0,948.0,949.0,,946.0,935.0,949.0,,972.0
949,966.0,949.0,952.0,,948.0,940.0,952.0,,974.0
952,968.0,952.0,954.0,,949.0,941.0,954.0,,975.0
959,969.0,954.0,959.0,,952.0,946.0,959.0,,976.0
961,972.0,959.0,961.0,,954.0,948.0,961.0,,977.0
965,974.0,961.0,965.0,,959.0,949.0,965.0,,979.0
966,975.0,965.0,966.0,,961.0,952.0,966.0,,981.0
968,977.0,966.0,968.0,,965.0,954.0,968.0,,985.0
969,978.0,968.0,969.0,,966.0,959.0,972.0,,987.0
975,985.0,969.0,972.0,,968.0,961.0,974.0,,992.0
977,987.0,972.0,974.0,,972.0,965.0,975.0,,994.0
985,995.0,974.0,975.0,,974.0,966.0,977.0,,995.0
987,997.0,975.0,977.0,,975.0,968.0,985.0,,997.0
992,1001.0,977.0,978.0,,977.0,969.0,987.0,,998.0
995,1005.0,985.0,985.0,,978.0,974.0,995.0,,1000.0
997,1007.0,987.0,987.0,,985.0,975.0,997.0,,1001.0
1001,1009.0,992.0,992.0,,987.0,977.0,1001.0,,1002.0
1005,1011.0,995.0,995.0,,992.0,978.0,1005.0,,1005.0
1007,1019.0,997.0,997.0,,995.0,981.0,1007.0,,1009.0
1009,1020.0,998.0,1001.0,,997.0,985.0,1009.0,,1011.0
1011,1021.0,1001.0,1005.0,,1001.0,987.0,1011.0,,1019.0
1019,1025.0,1005.0,1007.0,,1005.0,995.0,1019.0,,1020.0
1020,1026.0,1007.0,1009.0,,1007.0,997.0,1020.0,,1021.0
1021,1027.0,1009.0,1011.0,,1009.0,1001.0,1021.0,,1025.0
1024,1029.0,1011.0,1019.0,,1011.0,1005.0,1025.0,,1026.0
1025,1031.0,1019.0,1020.0,,1019.0,1007.0,1026.0,,1027.0
1026,1032.0,1020.0,1021.0,,1020.0,1009.0,1027.0,,1031.0
1029,1033.0,1021.0,1025.0,,1021.0,1011.0,1028.0,,1032.0
1031,1035.0,1025.0,1026.0,,1025.0,1019.0,1029.0,,1033.0
1032,1036.0,1026.0,1027.0,,1026.0,1020.0,1031.0,,1035.0
1033,1037.0,1027.0,1028.0,,1027.0,1021.0,1032.0,,1036.0
1036,1042.0,1028.0,1029.0,,1028.0,1025.0,1033.0,,1037.0
1037,1044.0,1031.0,1031.0,,1029.0,1026.0,1035.0,,1040.0
1042,1045.0,1032.0,1032.0,,1031.0,1029.0,1036.0,,1041.0
1044,1048.0,1033.0,1033.0,,1032.0,1031.0,1037.0,,1045.0
1045,1054.0,1035.0,1035.0,,1033.0,1032.0,1042.0,,1048.0
1048,1057.0,1036.0,1036.0,,1035.0,1033.0,1044.0,,1054.0
1054,1058.0,1037.0,1037.0,,1036.0,1036.0,1045.0,,1057.0
1057,1059.0,1042.0,1042.0,,1037.0,1037.0,1048.0,,1058.0
1058,1063.0,1044.0,1044.0,,1042.0,1042.0,1054.0,,1059.0
1059,1067.0,1045.0,1045.0,,1044.0,1044.0,1058.0,,1067.0
1063,1068.0,1048.0,1048.0,,1045.0,1045.0,1059.0,,1068.0
1067,1069.0,1054.0,1054.0,,1048.0,1048.0,1063.0,,1069.0
1068,1071.0,1057.0,1057.0,,1054.0,1054.0,1065.0,,1071.0
1069,1075.0,1058.0,1058.0,,1057.0,1057.0,1067.0,,1075.0
1071,1077.0,1059.0,1059.0,,1058.0,1058.0,1068.0,,1077.0
1075,1078.0,1063.0,1063.0,,1059.0,1059.0,1069.0,,1078.0
1077,1079.0,1067.0,1065.0,,1063.0,1063.0,1071.0,,1079.0
1078,1081.0,1068.0,1067.0,,1067.0,1067.0,1075.0,,1080.0
1079,1086.0,1069.0,1068.0,,1068.0,1068.0,1078.0,,1081.0
1081,1087.0,1071.0,1069.0,,1069.0,1069.0,1079.0,,1086.0
1086,1089.0,1075.0,1071.0,,1071.0,1071.0,1081.0,,1087.0
1087,1091.0,1077.0,1075.0,,1075.0,1075.0,1086.0,,1089.0
1089,1097.0,1078.0,1078.0,,1077.0,1078.0,1087.0,,1091.0
1091,1099.0,1079.0,1079.0,,1078.0,1079.0,1089.0,,1097.0
1097,1100.0,1081.0,1081.0,,1079.0,1081.0,1091.0,,1099.0
1099,1101.0,1084.0,1086.0,,1081.0,1084.0,1097.0,,1100.0
1100,1105.0,1086.0,1087.0,,1086.0,1086.0,1099.0,,1101.0
1101,1106.0,1087.0,1089.0,,1087.0,1087.0,1100.0,,1106.0
1105,1110.0,1089.0,1091.0,,1089.0,1089.0,1101.0,,1111.0
1106,1111.0,1091.0,1097.0,,1091.0,1091.0,1105.0,,1112.0
1110,1114.0,1097.0,1099.0,,1097.0,1097.0,1106.0,,1114.0
1111,1115.0,1099.0,1100.0,,1099.0,1099.0,1110.0,,1115.0
1114,1119.0,1100.0,1101.0,,1100.0,1100.0,1111.0,,1119.0
1115,1122.0,1101.0,1105.0,,1101.0,1101.0,1114.0,,1121.0
1119,1124.0,1105.0,1106.0,,1105.0,1105.0,1115.0,,1124.0
1121,1125.0,1106.0,1111.0,,1106.0,1106.0,1119.0,,1126.0
1122,1126.0,1109.0,1114.0,,1110.0,1110.0,1121.0,,1127.0
1124,1127.0,1111.0,1115.0,,1111.0,1111.0,1122.0,,1129.0
1125,1129.0,1112.0,1119.0,,1114.0,1114.0,1124.0,,1134.0
1126,1134.0,1114.0,1121.0,,1115.0,1115.0,1125.0,,1135.0
1127,1135.0,1115.0,1122.0,,1119.0,1119.0,1126.0,,1142.0
1129,1139.0,1119.0,1124.0,,1121.0,1122.0,1127.0,,1144.0
1134,1142.0,1122.0,1125.0,,1122.0,1124.0,1129.0,,1145.0
1142,1143.0,1124.0,1126.0,,1124.0,1125.0,1132.0,,1147.0
1143,1144.0,1125.0,1127.0,,1125.0,1126.0,1134.0,,1148.0
1144,1145.0,1126.0,1129.0,,1126.0,1127.0,1139.0,,1154.0
1145,1147.0,1127.0,1134.0,,1127.0,1129.0,1142.0,,1155.0
1147,1154.0,1129.0,1135.0,,1129.0,1134.0,1143.0,,1158.0
1154,1155.0,1132.0,1142.0,,1134.0,1135.0,1144.0,,1163.0
1155,1158.0,1134.0,1143.0,,1135.0,1137.0,1145.0,,1165.0
1158,1161.0,1142.0,1144.0,,1139.0,1142.0,1147.0,,1167.0
1161,1163.0,1143.0,1145.0,,1142.0,1143.0,1154.0,,1170.0
1163,1165.0,1144.0,1147.0,,1143.0,1144.0,1155.0,,1171.0
1165,1167.0,1145.0,1154.0,,1144.0,1145.0,1158.0,,1174.0
1167,1170.0,1147.0,1155.0,,1145.0,1147.0,1163.0,,1178.0
1170,1171.0,1154.0,1158.0,,1147.0,1148.0,1164.0,,1180.0
1171,1179.0,1155.0,1161.0,,1148.0,1154.0,1165.0,,1183.0
1173,1180.0,1158.0,1163.0,,1154.0,1155.0,1167.0,,1184.0
1174,1182.0,1161.0,1165.0,,1155.0,1158.0,1170.0,,1186.0
1179,1183.0,1163.0,1167.0,,1158.0,1161.0,1171.0,,1187.0
1180,1184.0,1165.0,1170.0,,1161.0,1163.0,1179.0,,1189.0
1182,1186.0,1167.0,1171.0,,1163.0,1165.0,1180.0,,1191.0
1183,1187.0,1170.0,1173.0,,1165.0,1167.0,1182.0,,1196.0
1184,1189.0,1171.0,1174.0,,1167.0,1170.0,1183.0,,1198.0
1186,1191.0,1173.0,1175.0,,1170.0,1171.0,1184.0,,1199.0
1187,1196.0,1174.0,1179.0,,1171.0,1173.0,1186.0,,1201.0
1189,1198.0,1179.0,1180.0,,1173.0,1174.0,1187.0,,1204.0
1191,1199.0,1180.0,1182.0,,1174.0,1179.0,1189.0,,1208.0
1196,1201.0,1182.0,1183.0,,1179.0,1180.0,1191.0,,1209.0
1198,1204.0,1183.0,1184.0,,1180.0,1182.0,1196.0,,1210.0
1199,1209.0,1184.0,1186.0,,1182.0,1183.0,1198.0,,1211.0
1201,1210.0,1186.0,1187.0,,1183.0,1184.0,1199.0,,1214.0
1204,1211.0,1187.0,1189.0,,1184.0,1186.0,1201.0,,1217.0
1209,1214.0,1189.0,1191.0,,1186.0,1187.0,1204.0,,1219.0
1210,1217.0,1190.0,1196.0,,1187.0,1189.0,1209.0,,1220.0
1211,1219.0,1191.0,1198.0,,1189.0,1191.0,1210.0,,1224.0
1214,1224.0,1196.0,1199.0,,1191.0,1196.0,1211.0,,1225.0
1217,1225.0,1198.0,1201.0,,1196.0,1198.0,1214.0,,1232.0
1219,1227.0,1199.0,1204.0,,1198.0,1199.0,1217.0,,1233.0
1224,1232.0,1201.0,1209.0,,1199.0,1201.0,1224.0,,1234.0
1225,1233.0,1204.0,1210.0,,1201.0,1204.0,1225.0,,1243.0
1227,1234.0,1209.0,1211.0,,1204.0,1209.0,1227.0,,1245.0
1232,1245.0,1210.0,1217.0,,1209.0,1210.0,1232.0,,1248.0
1233,1248.0,1211.0,1219.0,,1210.0,1211.0,1233.0,,1252.0
1234,1252.0,1214.0,1224.0,,1211.0,1214.0,1234.0,,1254.0
1245,1254.0,1217.0,1225.0,,1214.0,1217.0,1245.0,,1255.0
1246,1255.0,1224.0,1227.0,,1217.0,1219.0,1246.0,,1258.0
1248,1258.0,1225.0,1232.0,,1219.0,1224.0,1248.0,,1263.0
1249,1263.0,1227.0,1233.0,,1224.0,1225.0,1252.0,,1266.0
1252,1265.0,1232.0,1234.0,,1225.0,1227.0,1254.0,,1268.0
1254,1268.0,1233.0,1245.0,,1227.0,1232.0,1255.0,,1269.0
1255,1269.0,1234.0,1248.0,,1232.0,1233.0,1258.0,,1275.0
1258,1275.0,1243.0,1252.0,,1233.0,1234.0,1263.0,,1277.0
1263,1277.0,1245.0,1254.0,,1234.0,1245.0,1265.0,,1282.0
1265,1282.0,1248.0,1255.0,,1245.0,1248.0,1268.0,,1284.0
1268,1284.0,1252.0,1258.0,,1248.0,1252.0,1269.0,,1285.0
1269,1285.0,1254.0,1263.0,,1252.0,1254.0,1275.0,,1288.0
1275,1286.0,1255.0,1265.0,,1254.0,1255.0,1277.0,,1289.0
1277,1288.0,1258.0,1268.0,,1255.0,1258.0,1282.0,,1290.0
1282,1289.0,1263.0,1269.0,,1258.0,1263.0,1284.0,,1298.0
1284,1290.0,1265.0,1275.0,,1263.0,1265.0,1285.0,,1300.0
1285,1292.0,1268.0,1277.0,,1265.0,1266.0,1286.0,,1301.0
1286,1293.0,1275.0,1282.0,,1268.0,1268.0,1288.0,,1302.0
1287,1295.0,1277.0,1284.0,,1269.0,1269.0,1289.0,,1304.0
1288,1296.0,1282.0,1285.0,,1275.0,1275.0,1290.0,,1305.0
1289,1298.0,1285.0,1288.0,,1277.0,1277.0,1298.0,,1306.0
1290,1300.0,1288.0,1289.0,,1282.0,1282.0,1300.0,,1312.0
1292,1301.0,1289.0,1290.0,,1284.0,1284.0,1301.0,,1313.0
1293,1304.0,1290.0,1292.0,,1285.0,1285.0,1304.0,,1317.0
1296,1305.0,1296.0,1293.0,,1288.0,1288.0,1305.0,,1322.0
1298,1306.0,1298.0,1296.0,,1289.0,1289.0,1306.0,,1324.0
1300,1312.0,1300.0,1298.0,,1290.0,1290.0,1312.0,,1327.0
1301,1313.0,1301.0,1300.0,,1292.0,1292.0,1313.0,,1332.0
1302,1317.0,1304.0,1301.0,,1293.0,1293.0,1317.0,,1333.0
1304,1322.0,1305.0,1304.0,,1298.0,1295.0,1322.0,,1335.0
1305,1324.0,1306.0,1305.0,,1300.0,1296.0,1324.0,,1336.0
1306,1331.0,1312.0,1306.0,,1301.0,1298.0,1331.0,,1338.0
1312,1332.0,1313.0,1312.0,,1304.0,1300.0,1332.0,,1339.0
1313,1333.0,1317.0,1313.0,,1305.0,1301.0,1333.0,,1341.0
1317,1334.0,1322.0,1317.0,,1306.0,1304.0,1334.0,,1346.0
1322,1335.0,1324.0,1322.0,,1312.0,1305.0,1336.0,,1348.0
1324,1336.0,1332.0,1324.0,,1313.0,1306.0,1338.0,,1353.0
1331,1341.0,1333.0,1331.0,,1317.0,1312.0,1341.0,,1357.0
1332,1346.0,1336.0,1332.0,,1322.0,1313.0,1346.0,,1359.0
1333,1348.0,1338.0,1333.0,,1324.0,1317.0,1348.0,,1360.0
1334,1357.0,1341.0,1334.0,,1331.0,1322.0,1357.0,,1361.0
1335,1360.0,1346.0,1336.0,,1332.0,1324.0,1360.0,,1365.0
1336,1361.0,1348.0,1338.0,,1333.0,1331.0,1361.0,,1367.0
1341,1367.0,1352.0,1341.0,,1334.0,1332.0,1367.0,,1368.0
1346,1368.0,1353.0,1346.0,,1336.0,1333.0,1368.0,,1369.0
1348,1369.0,1357.0,1348.0,,1338.0,1334.0,1369.0,,1378.0
1357,1377.0,1359.0,1357.0,,1341.0,1336.0,1370.0,,1379.0
1360,1378.0,1360.0,1360.0,,1346.0,1338.0,1374.0,,1383.0
1361,1379.0,1361.0,1361.0,,1348.0,1340.0,1377.0,,1386.0
1367,1380.0,1367.0,1367.0,,1357.0,1341.0,1378.0,,1389.0
1368,1383.0,1368.0,1368.0,,1359.0,1346.0,1379.0,,1390.0
1369,1386.0,1369.0,1369.0,,1360.0,1348.0,1380.0,,1391.0
1370,1387.0,1370.0,1370.0,,1361.0,1357.0,1383.0,,1392.0
1372,1389.0,1372.0,1377.0,,1367.0,1360.0,1386.0,,1398.0
1374,1390.0,1374.0,1378.0,,1368.0,1361.0,1387.0,,1399.0
1377,1391.0,1377.0,1379.0,,1369.0,1367.0,1389.0,,1403.0
1378,1392.0,1378.0,1380.0,,1370.0,1368.0,1390.0,,1404.0
1379,1393.0,1380.0,1383.0,,1377.0,1369.0,1391.0,,1406.0
1380,1395.0,1383.0,1386.0,,1378.0,1370.0,1397.0,,1407.0
1383,1397.0,1386.0,1387.0,,1379.0,1377.0,1398.0,,1409.0
1386,1398.0,1389.0,1389.0,,1380.0,1378.0,1399.0,,1410.0
1387,1399.0,1390.0,1390.0,,1383.0,1379.0,1404.0,,1411.0
1389,1400.0,1391.0,1391.0,,1386.0,1380.0,1407.0,,1414.0
1390,1404.0,1397.0,1392.0,,1389.0,1383.0,1410.0,,1419.0
1391,1407.0,1399.0,1395.0,,1390.0,1386.0,1411.0,,1423.0
1397,1410.0,1404.0,1397.0,,1391.0,1387.0,1414.0,,1425.0
1398,1411.0,1407.0,1398.0,,1392.0,1389.0,1419.0,,1426.0
1399,1414.0,1410.0,1399.0,,1393.0,1390.0,1425.0,,1427.0
1404,1419.0,1414.0,1400.0,,1397.0,1391.0,1427.0,,1428.0
1407,1425.0,1419.0,1404.0,,1398.0,1397.0,1428.0,,1429.0
1410,1426.0,1426.0,1407.0,,1399.0,1398.0,1429.0,,1431.0
1411,1427.0,1427.0,1410.0,,1404.0,1399.0,1431.0,,1432.0
1414,1428.0,1428.0,1411.0,,1407.0,1400.0,1432.0,,1434.0
1419,1429.0,1429.0,1414.0,,1410.0,1404.0,1434.0,,1439.0
1425,1431.0,1431.0,1419.0,,1411.0,1407.0,1435.0,,1441.0
1426,1432.0,1432.0,1425.0,,1414.0,1410.0,1439.0,,1442.0
1427,1434.0,1434.0,1426.0,,1419.0,1411.0,1441.0,,1444.0
1429,1439.0,1439.0,1427.0,,1425.0,1414.0,1442.0,,1445.0
1431,1441.0,1441.0,1428.0,,1427.0,1419.0,1444.0,,1448.0
1432,1442.0,1442.0,1429.0,,1428.0,1425.0,1445.0,,1450.0
1434,1444.0,1444.0,1431.0,,1429.0,1427.0,1448.0,,1452.0
1439,1445.0,1445.0,1432.0,,1431.0,1428.0,1450.0,,1454.0
1441,1448.0,1448.0,1434.0,,1432.0,1429.0,1452.0,,1458.0
1442,1450.0,1450.0,1439.0,,1434.0,1431.0,1454.0,,1469.0
1444,1452.0,1452.0,1441.0,,1439.0,1432.0,1458.0,,1470.0
1445,1454.0,1454.0,1442.0,,1441.0,1434.0,1463.0,,1471.0
1448,1458.0,1458.0,1444.0,,1442.0,1439.0,1469.0,,1472.0
1450,1463.0,1463.0,1445.0,,1444.0,1441.0,1470.0,,1474.0
1452,1469.0,1466.0,1448.0,,1445.0,1442.0,1471.0,,1476.0
1454,1470.0,1467.0,1450.0,,1448.0,1444.0,1472.0,,1477.0
1458,1471.0,1469.0,1452.0,,1450.0,1445.0,1474.0,,1480.0
1463,1472.0,1470.0,1454.0,,1452.0,1448.0,1477.0,,1486.0
1469,1474.0,1471.0,1458.0,,1454.0,1450.0,1480.0,,1488.0
1470,1477.0,1474.0,1463.0,,1458.0,1452.0,1484.0,,1489.0
1471,1480.0,1477.0,1469.0,,1463.0,1454.0,1487.0,,1496.0
1472,1484.0,1480.0,1470.0,,1469.0,1458.0,1488.0,,1498.0
1474,1486.0,1484.0,1471.0,,1470.0,1463.0,1489.0,,1502.0
1477,1488.0,1486.0,1472.0,,1471.0,1469.0,1496.0,,1505.0
1480,1489.0,1488.0,1474.0,,1472.0,1470.0,1498.0,,1508.0
1486,1496.0,1496.0,1477.0,,1474.0,1471.0,1502.0,,1509.0
1488,1498.0,1498.0,1480.0,,1477.0,1472.0,1505.0,,1511.0
1489,1502.0,1505.0,1486.0,,1480.0,1474.0,1508.0,,1512.0
1496,1508.0,1508.0,1488.0,,1486.0,1477.0,1509.0,,1515.0
1498,1509.0,1509.0,1489.0,,1488.0,1480.0,1511.0,,1518.0
1508,1511.0,1511.0,1496.0,,1489.0,1486.0,1512.0,,1520.0
1509,1512.0,1512.0,1498.0,,1496.0,1488.0,1515.0,,1521.0
1511,1515.0,1515.0,1505.0,,1498.0,1489.0,1516.0,,1526.0
1512,1516.0,1516.0,1508.0,,1502.0,1496.0,1518.0,,1528.0
1515,1518.0,1518.0,1509.0,,1505.0,1498.0,1521.0,,1529.0
1516,1521.0,1521.0,1511.0,,1508.0,1502.0,1523.0,,1531.0
1518,1523.0,1523.0,1512.0,,1509.0,1508.0,1526.0,,1535.0
1521,1526.0,1526.0,1515.0,,1511.0,1509.0,1528.0,,1538.0
1523,1528.0,1528.0,1516.0,,1512.0,1511.0,1529.0,,1539.0
1526,1529.0,1529.0,1518.0,,1515.0,1512.0,1531.0,,1544.0
1528,1531.0,1531.0,1521.0,,1516.0,1515.0,1535.0,,1546.0
1529,1535.0,1535.0,1523.0,,1518.0,1516.0,1538.0,,1547.0
1531,1538.0,1538.0,1526.0,,1521.0,1518.0,1539.0,,1552.0
1535,1539.0,1539.0,1528.0,,1523.0,1521.0,1544.0,,1556.0
1538,1542.0,1544.0,1529.0,,1526.0,1523.0,1546.0,,1558.0
1539,1544.0,1546.0,1531.0,,1528.0,1526.0,1552.0,,1559.0
1541,1546.0,1552.0,1535.0,,1529.0,1528.0,1556.0,,1562.0
1542,1552.0,1556.0,1538.0,,1531.0,1529.0,1558.0,,1564.0
1544,1553.0,1558.0,1539.0,,1535.0,1531.0,1559.0,,1565.0
1546,1556.0,1559.0,1541.0,,1538.0,1535.0,1562.0,,1568.0
1552,1558.0,1562.0,1544.0,,1539.0,1538.0,1564.0,,1569.0
1553,1559.0,1564.0,1546.0,,1542.0,1539.0,1565.0,,1571.0
1556,1562.0,1565.0,1552.0,,1544.0,1544.0,1568.0,,1572.0
1558,1564.0,1568.0,1553.0,,1546.0,1546.0,1571.0,,1574.0
1559,1565.0,1571.0,1556.0,,1552.0,1552.0,1572.0,,1575.0
1562,1568.0,1572.0,1558.0,,1553.0,1553.0,1574.0,,1578.0
1564,1571.0,1574.0,1559.0,,1556.0,1556.0,1575.0,,1586.0
1565,1572.0,1575.0,1562.0,,1558.0,1558.0,1577.0,,1587.0
1568,1574.0,1577.0,1564.0,,1559.0,1559.0,1578.0,,1588.0
1571,1575.0,1578.0,1565.0,,1562.0,1562.0,1585.0,,1590.0
1572,1578.0,1585.0,1568.0,,1564.0,1564.0,1586.0,,1595.0
1574,1585.0,1586.0,1571.0,,1565.0,1565.0,1588.0,,1597.0
1575,1586.0,1588.0,1572.0,,1568.0,1568.0,1590.0,,1602.0
1577,1588.0,1590.0,1574.0,,1571.0,1571.0,1595.0,,1604.0
1578,1590.0,1595.0,1575.0,,1572.0,1572.0,1597.0,,1607.0
1585,1595.0,1602.0,1577.0,,1574.0,1574.0,1602.0,,1616.0
1586,1602.0,1604.0,1578.0,,1575.0,1575.0,1604.0,,1622.0
1588,1604.0,1607.0,1585.0,,1577.0,1577.0,1607.0,,1624.0
1590,1607.0,1616.0,1586.0,,1578.0,1578.0,1616.0,,1625.0
1595,1616.0,1622.0,1588.0,,1585.0,1585.0,1622.0,,1627.0
1597,1622.0,1624.0,1590.0,,1586.0,1586.0,1624.0,,1629.0
1602,1624.0,1625.0,1595.0,,1588.0,1588.0,1625.0,,1631.0
1604,1625.0,1627.0,1602.0,,1590.0,1590.0,1626.0,,1633.0
1607,1627.0,1631.0,1604.0,,1595.0,1595.0,1627.0,,1639.0
1616,1629.0,1633.0,1607.0,,1602.0,1597.0,1629.0,,1641.0
1624,1630.0,1639.0,1616.0,,1604.0,1602.0,1630.0,,1645.0
1625,1631.0,1641.0,1622.0,,1607.0,1604.0,1631.0,,1649.0
1626,1633.0,1645.0,1624.0,,1616.0,1607.0,1633.0,,1651.0
1627,1634.0,1649.0,1625.0,,1622.0,1616.0,1639.0,,1652.0
1630,1639.0,1651.0,1627.0,,1624.0,1622.0,1641.0,,1653.0
1631,1641.0,1652.0,1631.0,,1625.0,1624.0,1645.0,,1654.0
1633,1645.0,1654.0,1633.0,,1626.0,1625.0,1649.0,,1655.0
1634,1649.0,1655.0,1639.0,,1627.0,1627.0,1651.0,,1657.0
1635,1651.0,1657.0,1641.0,,1628.0,1630.0,1652.0,,1658.0
1639,1652.0,1658.0,1645.0,,1629.0,1631.0,1654.0,,1662.0
1641,1654.0,1662.0,1649.0,,1630.0,1633.0,1655.0,,1663.0
1645,1655.0,1663.0,1651.0,,1631.0,1634.0,1657.0,,1668.0
1649,1657.0,1668.0,1652.0,,1633.0,1639.0,1658.0,,1670.0
1651,1658.0,1670.0,1654.0,,1634.0,1641.0,1662.0,,1671.0
1652,1662.0,1671.0,1655.0,,1639.0,1645.0,1663.0,,1675.0
1654,1663.0,1675.0,1657.0,,1641.0,1646.0,1668.0,,1676.0
1655,1668.0,1676.0,1658.0,,1645.0,1649.0,1670.0,,1677.0
1657,1670.0,1678.0,1662.0,,1649.0,1651.0,1671.0,,1678.0
1658,1671.0,1681.0,1663.0,,1651.0,1652.0,1675.0,,1681.0
1662,1675.0,1685.0,1668.0,,1652.0,1654.0,1676.0,,1685.0
1663,1676.0,1688.0,1670.0,,1654.0,1655.0,1677.0,,1688.0
1668,1677.0,1693.0,1671.0,,1655.0,1657.0,1678.0,,1693.0
1670,1678.0,1697.0,1675.0,,1657.0,1658.0,1681.0,,1697.0
1671,1685.0,1698.0,1676.0,,1658.0,1662.0,1685.0,,1698.0
1675,1688.0,1700.0,1677.0,,1662.0,1663.0,1688.0,,1700.0
1677,1693.0,1702.0,1678.0,,1663.0,1668.0,1693.0,,1701.0
1678,1697.0,1704.0,1685.0,,1668.0,1670.0,1695.0,,1702.0
1681,1698.0,1705.0,1688.0,,1670.0,1671.0,1698.0,,1704.0
1685,1700.0,1707.0,1693.0,,1671.0,1675.0,1700.0,,1705.0
1688,1701.0,1708.0,1695.0,,1675.0,1677.0,1701.0,,1707.0
1693,1702.0,1717.0,1697.0,,1677.0,1678.0,1702.0,,1708.0
1695,1704.0,1720.0,1698.0,,1678.0,1681.0,1704.0,,1717.0
1697,1705.0,1721.0,1700.0,,1681.0,1685.0,1705.0,,1719.0
1698,1707.0,1722.0,1701.0,,1685.0,1688.0,1707.0,,1720.0
1700,1708.0,1723.0,1702.0,,1688.0,1693.0,1708.0,,1721.0
1702,1713.0,1724.0,1704.0,,1693.0,1695.0,1717.0,,1722.0
1704,1717.0,1729.0,1705.0,,1695.0,1697.0,1720.0,,1723.0
1705,1719.0,1734.0,1707.0,,1697.0,1698.0,1721.0,,1725.0
1707,1720.0,1737.0,1708.0,,1698.0,1700.0,1723.0,,1728.0
1708,1721.0,1740.0,1717.0,,1700.0,1701.0,1725.0,,1734.0
1713,1722.0,1744.0,1720.0,,1701.0,1702.0,1728.0,,1740.0
1717,1723.0,1745.0,1721.0,,1702.0,1704.0,1729.0,,1742.0
1719,1725.0,1747.0,1722.0,,1704.0,1705.0,1734.0,,1744.0
1720,1728.0,1748.0,1723.0,,1705.0,1707.0,1740.0,,1745.0
1721,1730.0,1752.0,1725.0,,1707.0,1708.0,1744.0,,1747.0
1722,1734.0,1753.0,1728.0,,1708.0,1717.0,1745.0,,1748.0
1723,1737.0,1754.0,1730.0,,1713.0,1720.0,1747.0,,1752.0
1725,1740.0,1756.0,1734.0,,1717.0,1721.0,1748.0,,1753.0
1728,1742.0,1757.0,1737.0,,1719.0,1722.0,1752.0,,1754.0
1729,1744.0,1759.0,1740.0,,1720.0,1723.0,1753.0,,1756.0
1730,1745.0,1764.0,1742.0,,1721.0,1725.0,1754.0,,1757.0
1734,1747.0,1765.0,1744.0,,1723.0,1728.0,1756.0,,1758.0
1737,1748.0,1768.0,1745.0,,1725.0,1730.0,1757.0,,1759.0
1740,1752.0,1775.0,1747.0,,1728.0,1734.0,1758.0,,1765.0
1742,1753.0,1777.0,1748.0,,1729.0,1737.0,1759.0,,1768.0
1744,1754.0,1779.0,1752.0,,1734.0,1740.0,1765.0,,1775.0
1745,1756.0,1785.0,1753.0,,1737.0,1742.0,1768.0,,1779.0
1747,1757.0,1786.0,1754.0,,1740.0,1744.0,1775.0,,1785.0
1748,1759.0,1787.0,1756.0,,1742.0,1745.0,1777.0,,1786.0
1752,1765.0,1788.0,1757.0,,1744.0,1748.0,1779.0,,1799.0
1753,1768.0,1789.0,1758.0,,1745.0,1752.0,1785.0,,1801.0
1754,1775.0,1794.0,1759.0,,1748.0,1753.0,1786.0,,1802.0
1756,1777.0,1799.0,1765.0,,1752.0,1754.0,1788.0,,1805.0
1757,1779.0,1801.0,1768.0,,1753.0,1756.0,1789.0,,1808.0
1759,1785.0,1802.0,1775.0,,1754.0,1757.0,1794.0,,1809.0
1764,1786.0,1804.0,1777.0,,1756.0,1758.0,1799.0,,1811.0
1765,1787.0,1805.0,1779.0,,1757.0,1759.0,1801.0,,1816.0
1768,1788.0,1808.0,1785.0,,1758.0,1765.0,1802.0,,1819.0
1774,1789.0,1811.0,1786.0,,1759.0,1768.0,1804.0,,1824.0
1775,1794.0,1816.0,1788.0,,1764.0,1775.0,1805.0,,1830.0
1777,1799.0,1819.0,1789.0,,1765.0,1777.0,1808.0,,1831.0
1779,1801.0,1822.0,1794.0,,1768.0,1779.0,1809.0,,1834.0
1785,1802.0,1824.0,1799.0,,1775.0,1785.0,1811.0,,1840.0
1786,1804.0,1830.0,1801.0,,1779.0,1786.0,1816.0,,1841.0
1788,1805.0,1831.0,1802.0,,1785.0,1788.0,1819.0,,1845.0
1789,1809.0,1832.0,1804.0,,1786.0,1789.0,1822.0,,1848.0
1794,1811.0,1834.0,1805.0,,1788.0,1794.0,1824.0,,1852.0
1799,1816.0,1840.0,1808.0,,1789.0,1799.0,1828.0,,1854.0
1801,1819.0,1841.0,1809.0,,1794.0,1801.0,1830.0,,1855.0
1802,1821.0,1845.0,1811.0,,1799.0,1802.0,1831.0,,1859.0
1804,1822.0,1848.0,1816.0,,1801.0,1804.0,1834.0,,1861.0
1805,1824.0,1852.0,1819.0,,1802.0,1805.0,1840.0,,1869.0
1808,1830.0,1854.0,1821.0,,1804.0,1809.0,1841.0,,1875.0
1809,1831.0,1855.0,1822.0,,1805.0,1811.0,1845.0,,1876.0
1811,1834.0,1859.0,1824.0,,1809.0,1816.0,1848.0,,1878.0
1816,1840.0,1861.0,1830.0,,1811.0,1819.0,1852.0,,1879.0
1819,1841.0,1869.0,1831.0,,1816.0,1821.0,1854.0,,1881.0
1821,1845.0,1875.0,1834.0,,1819.0,1822.0,1855.0,,1886.0
1822,1848.0,1876.0,1840.0,,1821.0,1824.0,1859.0,,1889.0
1824,1852.0,1878.0,1841.0,,1822.0,1830.0,1867.0,,1891.0
1830,1854.0,1879.0,1845.0,,1824.0,1831.0,1868.0,,1892.0
1831,1855.0,1881.0,1848.0,,1830.0,1834.0,1869.0,,1898.0
1840,1859.0,1889.0,1852.0,,1831.0,1840.0,1875.0,,1899.0
1841,1861.0,1891.0,1854.0,,1834.0,1841.0,1876.0,,1901.0
1845,1868.0,1892.0,1855.0,,1840.0,1845.0,1878.0,,1906.0
1848,1869.0,1898.0,1859.0,,1841.0,1848.0,1879.0,,1908.0
1852,1875.0,1899.0,1868.0,,1845.0,1852.0,1881.0,,1916.0
1854,1876.0,1900.0,1869.0,,1848.0,1854.0,1886.0,,1918.0
1855,1878.0,1901.0,1875.0,,1852.0,1855.0,1887.0,,1919.0
1859,1879.0,1906.0,1876.0,,1854.0,1859.0,1889.0,,1921.0
1861,1881.0,1908.0,1878.0,,1855.0,1861.0,1891.0,,1922.0
1868,1889.0,1916.0,1879.0,,1859.0,1868.0,1892.0,,1923.0
1869,1891.0,1918.0,1881.0,,1861.0,1869.0,1898.0,,1927.0
1875,1892.0,1919.0,1889.0,,1868.0,1875.0,1899.0,,1928.0
1876,1898.0,1921.0,1891.0,,1869.0,1876.0,1901.0,,1930.0
1878,1899.0,1922.0,1892.0,,1875.0,1878.0,1906.0,,1936.0
1879,1901.0,1923.0,1898.0,,1876.0,1879.0,1908.0,,1937.0
1881,1906.0,1927.0,1899.0,,1878.0,1881.0,1916.0,,1942.0
1886,1908.0,1930.0,1901.0,,1879.0,1889.0,1918.0,,1943.0
1889,1916.0,1931.0,1906.0,,1881.0,1891.0,1919.0,,1944.0
1891,1918.0,1937.0,1908.0,,1889.0,1892.0,1921.0,,1945.0
1892,1919.0,1942.0,1916.0,,1891.0,1898.0,1922.0,,1946.0
1898,1921.0,1943.0,1918.0,,1892.0,1899.0,1923.0,,1947.0
1899,1922.0,1944.0,1919.0,,1898.0,1901.0,1928.0,,1948.0
1901,1923.0,1946.0,1921.0,,1899.0,1906.0,1930.0,,1949.0
1906,1928.0,1947.0,1922.0,,1901.0,1908.0,1934.0,,1950.0
1908,1930.0,1949.0,1923.0,,1906.0,1916.0,1935.0,,1951.0
1916,1936.0,1950.0,1927.0,,1908.0,1918.0,1936.0,,1954.0
1918,1937.0,1951.0,1928.0,,1916.0,1919.0,1937.0,,1956.0
1919,1942.0,1954.0,1930.0,,1918.0,1921.0,1942.0,,1957.0
1921,1943.0,1956.0,1934.0,,1919.0,1922.0,1943.0,,1960.0
1922,1944.0,1957.0,1936.0,,1921.0,1923.0,1944.0,,1961.0
1923,1946.0,1960.0,1937.0,,1922.0,1928.0,1945.0,,1962.0
1927,1947.0,1962.0,1942.0,,1923.0,1930.0,1946.0,,1963.0
1928,1948.0,1963.0,1943.0,,1927.0,1936.0,1947.0,,1964.0
1930,1949.0,1964.0,1944.0,,1930.0,1937.0,1948.0,,1972.0
1934,1950.0,1972.0,1946.0,,1934.0,1942.0,1949.0,,1974.0
1936,1951.0,1974.0,1947.0,,1936.0,1943.0,1950.0,,1978.0
1937,1954.0,1978.0,1948.0,,1937.0,1944.0,1951.0,,1981.0
1942,1956.0,1981.0,1949.0,,1942.0,1946.0,1954.0,,1982.0
1943,1957.0,1982.0,1950.0,,1943.0,1947.0,1956.0,,1984.0
1944,1960.0,1984.0,1951.0,,1944.0,1948.0,1957.0,,1991.0
1946,1962.0,1990.0,1954.0,,1945.0,1949.0,1960.0,,1993.0
1947,1963.0,1991.0,1956.0,,1946.0,1950.0,1962.0,,1997.0
1948,1964.0,1992.0,1957.0,,1947.0,1951.0,1963.0,,1999.0
1949,1972.0,1993.0,1960.0,,1948.0,1954.0,1964.0,,2007.0
1950,1974.0,1996.0,1962.0,,1949.0,1957.0,1972.0,,2009.0
1951,1978.0,1997.0,1963.0,,1950.0,1960.0,1974.0,,2012.0
1954,1979.0,1999.0,1964.0,,1951.0,1962.0,1978.0,,2014.0
1956,1981.0,2000.0,1972.0,,1954.0,1963.0,1979.0,,2015.0
1957,1982.0,2007.0,1974.0,,1957.0,1964.0,1981.0,,2017.0
1960,1984.0,2009.0,1978.0,,1960.0,1972.0,1982.0,,2018.0
1962,1990.0,2012.0,1979.0,,1962.0,1974.0,1984.0,,2020.0
1963,1991.0,2014.0,1981.0,,1963.0,1978.0,1990.0,,2022.0
1964,1992.0,2015.0,1982.0,,1964.0,1981.0,1991.0,,2024.0
1972,1993.0,2017.0,1984.0,,1972.0,1982.0,1992.0,,2032.0
1974,1996.0,2018.0,1991.0,,1974.0,1984.0,1993.0,,2034.0
1978,1997.0,2020.0,1992.0,,1978.0,1991.0,1997.0,,2038.0
1979,1999.0,2024.0,1993.0,,1979.0,1992.0,1999.0,,2039.0
1981,2000.0,2032.0,1996.0,,1981.0,1993.0,2000.0,,2047.0
1982,2007.0,2034.0,1997.0,,1982.0,1996.0,2007.0,,2048.0
1984,2009.0,2038.0,1999.0,,1984.0,1997.0,2009.0,,2050.0
1990,2012.0,2039.0,2000.0,,1990.0,1999.0,2011.0,,2051.0
1991,2014.0,2047.0,2007.0,,1991.0,2000.0,2012.0,,2054.0
1992,2015.0,2048.0,2009.0,,1992.0,2007.0,2014.0,,2056.0
1993,2017.0,2050.0,2012.0,,1993.0,2009.0,2015.0,,2065.0
1996,2018.0,2054.0,2014.0,,1996.0,2012.0,2017.0,,2070.0
1997,2020.0,2056.0,2015.0,,1997.0,2014.0,2018.0,,2071.0
1999,2024.0,2059.0,2017.0,,1999.0,2015.0,2020.0,,2072.0
2000,2032.0,2065.0,2018.0,,2000.0,2017.0,2024.0,,2074.0
2007,2034.0,2070.0,2020.0,,2007.0,2018.0,2032.0,,2075.0
2009,2038.0,2071.0,2024.0,,2009.0,2020.0,2034.0,,2079.0
2012,2039.0,2072.0,2032.0,,2012.0,2022.0,2035.0,,2081.0
2014,2047.0,2075.0,2034.0,,2014.0,2024.0,2038.0,,2087.0
2015,2048.0,2079.0,2038.0,,2015.0,2032.0,2039.0,,2092.0
2017,2050.0,2081.0,2039.0,,2017.0,2034.0,2041.0,,2094.0
2018,2051.0,2087.0,2041.0,,2018.0,2038.0,2047.0,,2097.0
2020,2054.0,2088.0,2047.0,,2020.0,2039.0,2048.0,,2102.0
2022,2056.0,2092.0,2048.0,,2022.0,2041.0,2050.0,,2105.0
2024,2065.0,2094.0,2050.0,,2024.0,2047.0,2051.0,,2109.0
2032,2070.0,2097.0,2051.0,,2032.0,2048.0,2054.0,,2111.0
2034,2071.0,2105.0,2054.0,,2034.0,2050.0,2056.0,,2112.0
2038,2072.0,2109.0,2056.0,,2038.0,2051.0,2059.0,,2115.0
2039,2074.0,2112.0,2065.0,,2039.0,2054.0,2065.0,,2117.0
2047,2075.0,2114.0,2070.0,,2041.0,2056.0,2069.0,,2118.0
2048,2079.0,2115.0,2071.0,,2047.0,2065.0,2071.0,,2121.0
2050,2081.0,2117.0,2072.0,,2048.0,2070.0,2072.0,,2126.0
2051,2087.0,2118.0,2074.0,,2050.0,2071.0,2074.0,,2129.0
2054,2088.0,2121.0,2075.0,,2051.0,2072.0,2075.0,,2139.0
2056,2092.0,2124.0,2079.0,,2054.0,2074.0,2079.0,,2141.0
2065,2094.0,2126.0,2081.0,,2056.0,2075.0,2081.0,,2142.0
2070,2097.0,2129.0,2087.0,,2065.0,2079.0,2087.0,,2144.0
2071,2102.0,2139.0,2088.0,,2070.0,2081.0,2088.0,,2148.0
2072,2105.0,2141.0,2092.0,,2071.0,2085.0,2092.0,,2149.0
2074,2109.0,2144.0,2094.0,,2072.0,2087.0,2094.0,,2155.0
2075,2111.0,2148.0,2097.0,,2074.0,2088.0,2097.0,,2157.0
2079,2112.0,2149.0,2102.0,,2075.0,2092.0,2102.0,,2162.0
2081,2114.0,2151.0,2105.0,,2079.0,2094.0,2105.0,,2165.0
2087,2115.0,2155.0,2109.0,,2081.0,2097.0,2109.0,,2169.0
2088,2117.0,2157.0,2111.0,,2087.0,2105.0,2111.0,,2171.0
2092,2118.0,2162.0,2112.0,,2088.0,2109.0,2112.0,,2176.0
2094,2121.0,2165.0,2114.0,,2092.0,2111.0,2114.0,,2179.0
2097,2124.0,2169.0,2115.0,,2094.0,2112.0,2115.0,,2181.0
2105,2126.0,2171.0,2117.0,,2097.0,2114.0,2117.0,,2182.0
2109,2129.0,2176.0,2118.0,,2105.0,2115.0,2118.0,,2184.0
2111,2139.0,2179.0,2121.0,,2109.0,2117.0,2121.0,,2185.0
2112,2141.0,2181.0,2124.0,,2111.0,2118.0,2124.0,,2187.0
2114,2144.0,2182.0,2126.0,,2112.0,2121.0,2126.0,,2188.0
2115,2148.0,2184.0,2129.0,,2114.0,2126.0,2129.0,,2194.0
2117,2149.0,2185.0,2139.0,,2115.0,2129.0,2136.0,,2198.0
2118,2155.0,2187.0,2141.0,,2117.0,2136.0,2139.0,,2202.0
2121,2157.0,2188.0,2144.0,,2118.0,2139.0,2141.0,,2203.0
2124,2158.0,2192.0,2148.0,,2121.0,2141.0,2142.0,,2204.0
2126,2162.0,2194.0,2149.0,,2124.0,2144.0,2144.0,,2206.0
2129,2165.0,2198.0,2155.0,,2126.0,2148.0,2148.0,,2212.0
2136,2169.0,2202.0,2157.0,,2129.0,2149.0,2149.0,,2214.0
2139,2170.0,2203.0,2158.0,,2139.0,2155.0,2155.0,,2219.0
2141,2171.0,2204.0,2162.0,,2141.0,2157.0,2157.0,,2221.0
2144,2176.0,2206.0,2165.0,,2144.0,2158.0,2162.0,,2226.0
2148,2179.0,2212.0,2169.0,,2148.0,2162.0,2165.0,,2227.0
2149,2181.0,2214.0,2170.0,,2149.0,2165.0,2169.0,,2232.0
2155,2182.0,2219.0,2171.0,,2155.0,2169.0,2171.0,,2233.0
2157,2184.0,2221.0,2176.0,,2157.0,2171.0,2176.0,,2238.0
2158,2185.0,2226.0,2179.0,,2158.0,2176.0,2179.0,,2239.0
2162,2187.0,2232.0,2181.0,,2162.0,2179.0,2181.0,,2241.0
2165,2188.0,2233.0,2182.0,,2165.0,2181.0,2182.0,,2242.0
2169,2194.0,2238.0,2184.0,,2169.0,2182.0,2184.0,,2244.0
2170,2198.0,2239.0,2185.0,,2170.0,2185.0,2185.0,,2247.0
2171,2202.0,2240.0,2187.0,,2171.0,2187.0,2187.0,,2249.0
2176,2203.0,2241.0,2188.0,,2176.0,2188.0,2188.0,,2250.0
2179,2204.0,2242.0,2194.0,,2179.0,2194.0,2192.0,,2251.0
2181,2206.0,2243.0,2198.0,,2181.0,2196.0,2194.0,,2253.0
2182,2210.0,2244.0,2202.0,,2182.0,2198.0,2196.0,,2255.0
2184,2212.0,2246.0,2203.0,,2184.0,2202.0,2198.0,,2258.0
2185,2214.0,2247.0,2204.0,,2185.0,2203.0,2199.0,,2261.0
2187,2219.0,2248.0,2206.0,,2187.0,2204.0,2202.0,,2264.0
2188,2221.0,2249.0,2212.0,,2188.0,2206.0,2204.0,,2266.0
2192,2226.0,2250.0,2214.0,,2194.0,2212.0,2206.0,,2272.0
2194,2232.0,2251.0,2219.0,,2198.0,2214.0,2212.0,,2274.0
2198,2238.0,2253.0,2221.0,,2202.0,2219.0,2214.0,,2275.0
2199,2239.0,2255.0,2226.0,,2203.0,2221.0,2219.0,,2277.0
2202,2240.0,2256.0,2232.0,,2204.0,2226.0,2221.0,,2281.0
2203,2241.0,2258.0,2235.0,,2206.0,2232.0,2226.0,,2286.0
2204,2242.0,2259.0,2238.0,,2210.0,2235.0,2227.0,,2287.0
2206,2243.0,2261.0,2239.0,,2212.0,2238.0,2232.0,,2288.0
2210,2244.0,2264.0,2240.0,,2214.0,2239.0,2236.0,,2294.0
2212,2247.0,2266.0,2241.0,,2219.0,2240.0,2238.0,,2299.0
2214,2248.0,2268.0,2242.0,,2221.0,2241.0,2239.0,,2301.0
2215,2249.0,2272.0,2243.0,,2226.0,2242.0,2240.0,,2302.0
2219,2250.0,2274.0,2244.0,,2227.0,2243.0,2241.0,,2303.0
2221,2251.0,2275.0,2246.0,,2232.0,2244.0,2242.0,,2306.0
2226,2253.0,2277.0,2247.0,,2233.0,2246.0,2244.0,,2307.0
2232,2255.0,2279.0,2248.0,,2238.0,2247.0,2247.0,,2308.0
2233,2258.0,2281.0,2249.0,,2239.0,2248.0,2249.0,,2309.0
2235,2264.0,2286.0,2250.0,,2240.0,2249.0,2250.0,,2311.0
2238,2266.0,2288.0,2251.0,,2241.0,2250.0,2251.0,,2316.0
2239,2268.0,2294.0,2253.0,,2242.0,2251.0,2253.0,,2319.0
2240,2272.0,2299.0,2255.0,,2243.0,2253.0,2255.0,,2322.0
2241,2274.0,2301.0,2256.0,,2244.0,2255.0,2256.0,,2324.0
2242,2275.0,2302.0,2258.0,,2247.0,2256.0,2258.0,,2325.0
2243,2277.0,2304.0,2259.0,,2248.0,2258.0,2259.0,,2328.0
2244,2281.0,2306.0,2261.0,,2249.0,2261.0,2261.0,,2329.0
2246,2286.0,2307.0,2263.0,,2250.0,2264.0,2263.0,,2331.0
2247,2288.0,2308.0,2264.0,,2251.0,2266.0,2264.0,,2332.0
2248,2294.0,2309.0,2265.0,,2253.0,2272.0,2266.0,,2334.0
2249,2299.0,2311.0,2266.0,,2255.0,2274.0,2272.0,,2337.0
2250,2301.0,2316.0,2272.0,,2256.0,2275.0,2275.0,,2346.0
2251,2302.0,2319.0,2274.0,,2258.0,2277.0,2277.0,,2348.0
2253,2306.0,2322.0,2275.0,,2261.0,2281.0,2281.0,,2355.0
2255,2307.0,2324.0,2277.0,,2264.0,2286.0,2286.0,,2356.0
2256,2308.0,2325.0,2281.0,,2266.0,2287.0,2288.0,,2358.0
2258,2309.0,2328.0,2286.0,,2272.0,2288.0,2294.0,,2361.0
2261,2310.0,2329.0,2288.0,,2274.0,2294.0,2299.0,,2369.0
2264,2311.0,2331.0,2294.0,,2275.0,2299.0,2301.0,,2371.0
2266,2316.0,2332.0,2299.0,,2277.0,2301.0,2306.0,,2379.0
2272,2319.0,2334.0,2301.0,,2281.0,2302.0,2307.0,,2382.0
2274,2322.0,2337.0,2302.0,,2286.0,2306.0,2308.0,,2387.0
2275,2324.0,2346.0,2306.0,,2288.0,2307.0,2311.0,,2394.0
2277,2325.0,2348.0,2307.0,,2294.0,2308.0,2316.0,,2396.0
2279,2328.0,2355.0,2308.0,,2299.0,2309.0,2319.0,,2398.0
2281,2329.0,2356.0,2309.0,,2301.0,2311.0,2322.0,,2406.0
2286,2331.0,2358.0,2311.0,,2302.0,2316.0,2324.0,,2409.0
2287,2332.0,2361.0,2316.0,,2306.0,2319.0,2325.0,,2411.0
2288,2334.0,2362.0,2319.0,,2307.0,2322.0,2328.0,,2412.0
2294,2343.0,2369.0,2322.0,,2308.0,2324.0,2329.0,,2415.0
2299,2346.0,2371.0,2324.0,,2309.0,2325.0,2331.0,,2420.0
2301,2348.0,2379.0,2325.0,,2311.0,2328.0,2332.0,,2421.0
2302,2355.0,2382.0,2328.0,,2316.0,2329.0,2334.0,,2422.0
2306,2356.0,2384.0,2329.0,,2319.0,2331.0,2346.0,,2424.0
2307,2358.0,2387.0,2331.0,,2322.0,2332.0,2348.0,,2425.0
2308,2361.0,2394.0,2332.0,,2324.0,2334.0,2353.0,,2427.0
2309,2369.0,2396.0,2334.0,,2325.0,2337.0,2355.0,,2428.0
2311,2371.0,2402.0,2346.0,,2328.0,2343.0,2356.0,,2432.0
2316,2379.0,2406.0,2348.0,,2329.0,2346.0,2358.0,,2434.0
2319,2381.0,2407.0,2355.0,,2331.0,2348.0,2361.0,,2435.0
2322,2382.0,2409.0,2356.0,,2332.0,2355.0,2369.0,,2437.0
2324,2384.0,2411.0,2358.0,,2334.0,2356.0,2371.0,,2438.0
2325,2387.0,2414.0,2361.0,,2337.0,2358.0,2379.0,,2439.0
2328,2394.0,2415.0,2369.0,,2338.0,2361.0,2381.0,,2445.0
2329,2396.0,2419.0,2371.0,,2343.0,2369.0,2382.0,,2448.0
2331,2398.0,2422.0,2379.0,,2346.0,2371.0,2383.0,,2449.0
2332,2402.0,2424.0,2381.0,,2348.0,2379.0,2387.0,,2451.0
2334,2406.0,2425.0,2382.0,,2355.0,2381.0,2394.0,,2455.0
2337,2407.0,2427.0,2383.0,,2356.0,2382.0,2396.0,,2456.0
2338,2409.0,2428.0,2387.0,,2358.0,2387.0,2402.0,,2458.0
2343,2411.0,2432.0,2394.0,,2361.0,2394.0,2406.0,,2459.0
2346,2415.0,2434.0,2396.0,,2369.0,2396.0,2407.0,,2461.0
2348,2421.0,2435.0,2402.0,,2371.0,2398.0,2409.0,,2463.0
2355,2422.0,2436.0,2406.0,,2379.0,2402.0,2411.0,,2465.0
2356,2424.0,2437.0,2407.0,,2381.0,2406.0,2415.0,,2466.0
2358,2425.0,2438.0,2409.0,,2382.0,2409.0,2422.0,,2467.0
2361,2427.0,2439.0,2411.0,,2383.0,2411.0,2424.0,,2468.0
2369,2428.0,2441.0,2415.0,,2384.0,2415.0,2425.0,,2476.0
2371,2432.0,2442.0,2421.0,,2387.0,2421.0,2427.0,,2480.0
2379,2434.0,2445.0,2422.0,,2394.0,2422.0,2428.0,,2482.0
2381,2435.0,2448.0,2424.0,,2396.0,2424.0,2432.0,,2484.0
2382,2436.0,2449.0,2425.0,,2402.0,2425.0,2434.0,,2487.0
2383,2437.0,2451.0,2427.0,,2406.0,2427.0,2435.0,,2488.0
2387,2438.0,2455.0,2428.0,,2407.0,2428.0,2436.0,,2490.0
2394,2439.0,2456.0,2432.0,,2409.0,2432.0,2437.0,,2492.0
2396,2440.0,2458.0,2434.0,,2411.0,2434.0,2438.0,,2494.0
2402,2442.0,2459.0,2435.0,,2415.0,2435.0,2439.0,,2498.0
2406,2445.0,2463.0,2437.0,,2421.0,2437.0,2440.0,,2503.0
2407,2448.0,2465.0,2438.0,,2422.0,2438.0,2442.0,,2505.0
2409,2449.0,2466.0,2439.0,,2424.0,2439.0,2445.0,,2506.0
2411,2451.0,2467.0,2442.0,,2425.0,2440.0,2448.0,,2518.0
2415,2455.0,2474.0,2445.0,,2427.0,2442.0,2449.0,,2522.0
2422,2458.0,2476.0,2448.0,,2428.0,2445.0,2451.0,,2524.0
2424,2459.0,2480.0,2449.0,,2432.0,2448.0,2455.0,,2528.0
2425,2461.0,2487.0,2451.0,,2434.0,2449.0,2456.0,,2533.0
2427,2463.0,2488.0,2455.0,,2435.0,2451.0,2458.0,,2535.0
2428,2465.0,2490.0,2456.0,,2437.0,2455.0,2459.0,,2539.0
2432,2466.0,2491.0,2458.0,,2438.0,2456.0,2461.0,,2541.0
2434,2467.0,2492.0,2459.0,,2439.0,2458.0,2463.0,,2544.0
2435,2476.0,2494.0,2461.0,,2440.0,2459.0,2465.0,,2546.0
2437,2480.0,2498.0,2465.0,,2442.0,2461.0,2466.0,,2553.0
2438,2484.0,2501.0,2466.0,,2445.0,2463.0,2467.0,,2554.0
2439,2487.0,2503.0,2467.0,,2448.0,2465.0,2476.0,,2558.0
2440,2488.0,2505.0,2476.0,,2449.0,2466.0,2480.0,,2559.0
2442,2490.0,2506.0,2480.0,,2451.0,2467.0,2487.0,,2560.0
2445,2492.0,2518.0,2484.0,,2455.0,2476.0,2488.0,,2561.0
2448,2494.0,2522.0,2487.0,,2458.0,2480.0,2490.0,,2562.0
2449,2498.0,2524.0,2488.0,,2459.0,2484.0,2491.0,,2563.0
2451,2503.0,2528.0,2490.0,,2461.0,2487.0,2492.0,,2564.0
2455,2505.0,2533.0,2491.0,,2463.0,2488.0,2494.0,,2577.0
2456,2506.0,2535.0,2492.0,,2465.0,2490.0,2498.0,,2579.0
2458,2518.0,2539.0,2494.0,,2466.0,2491.0,2503.0,,2590.0
2459,2522.0,2541.0,2498.0,,2467.0,2492.0,2505.0,,2591.0
2461,2524.0,2544.0,2503.0,,2476.0,2494.0,2506.0,,2597.0
2463,2527.0,2546.0,2505.0,,2480.0,2498.0,2518.0,,2599.0
2465,2528.0,2553.0,2506.0,,2487.0,2503.0,2522.0,,2601.0
2466,2533.0,2555.0,2518.0,,2488.0,2505.0,2524.0,,2603.0
2467,2535.0,2559.0,2522.0,,2490.0,2506.0,2527.0,,2605.0
2476,2539.0,2560.0,2524.0,,2491.0,2518.0,2528.0,,2609.0
2480,2541.0,2561.0,2527.0,,2492.0,2522.0,2533.0,,2614.0
2487,2544.0,2562.0,2528.0,,2494.0,2524.0,2535.0,,2615.0
2488,2546.0,2563.0,2533.0,,2498.0,2527.0,2539.0,,2618.0
2490,2553.0,2564.0,2535.0,,2501.0,2528.0,2544.0,,2625.0
2491,2554.0,2567.0,2539.0,,2503.0,2533.0,2546.0,,2627.0
2492,2558.0,2577.0,2541.0,,2505.0,2535.0,2559.0,,2628.0
2494,2559.0,2579.0,2544.0,,2506.0,2539.0,2562.0,,2629.0
2498,2561.0,2589.0,2546.0,,2518.0,2541.0,2563.0,,2630.0
2501,2562.0,2590.0,2553.0,,2522.0,2544.0,2567.0,,2632.0
2503,2563.0,2591.0,2554.0,,2524.0,2546.0,2577.0,,2633.0
2505,2564.0,2597.0,2558.0,,2527.0,2553.0,2579.0,,2637.0
2506,2567.0,2599.0,2559.0,,2528.0,2554.0,2581.0,,2639.0
2518,2577.0,2601.0,2560.0,,2533.0,2558.0,2590.0,,2647.0
2522,2579.0,2603.0,2561.0,,2535.0,2559.0,2591.0,,2648.0
2524,2590.0,2605.0,2562.0,,2539.0,2560.0,2597.0,,2649.0
2527,2591.0,2609.0,2563.0,,2541.0,2561.0,2599.0,,2653.0
2528,2597.0,2614.0,2564.0,,2544.0,2562.0,2601.0,,2656.0
2533,2599.0,2615.0,2567.0,,2546.0,2563.0,2603.0,,2658.0
2534,2601.0,2618.0,2577.0,,2553.0,2564.0,2605.0,,2662.0
2535,2603.0,2619.0,2579.0,,2554.0,2567.0,2609.0,,2663.0
2539,2605.0,2625.0,2590.0,,2558.0,2575.0,2614.0,,2665.0
2541,2609.0,2627.0,2591.0,,2559.0,2577.0,2615.0,,2669.0
2544,2614.0,2628.0,2597.0,,2561.0,2579.0,2618.0,,2677.0
2546,2615.0,2629.0,2599.0,,2562.0,2590.0,2625.0,,2679.0
2553,2618.0,2630.0,2601.0,,2563.0,2591.0,2627.0,,2682.0
2554,2625.0,2632.0,2603.0,,2564.0,2597.0,2628.0,,2684.0
2555,2627.0,2633.0,2605.0,,2567.0,2599.0,2629.0,,2689.0
2556,2628.0,2637.0,2609.0,,2577.0,2601.0,2630.0,,2691.0
2557,2629.0,2639.0,2614.0,,2579.0,2603.0,2632.0,,2692.0
2558,2630.0,2644.0,2615.0,,2590.0,2605.0,2633.0,,2694.0
2559,2632.0,2646.0,2618.0,,2591.0,2609.0,2637.0,,2699.0
2560,2633.0,2647.0,2627.0,,2597.0,2614.0,2639.0,,2705.0
2561,2637.0,2648.0,2628.0,,2599.0,2615.0,2644.0,,2706.0
2562,2639.0,2653.0,2629.0,,2601.0,2618.0,2646.0,,2709.0
2563,2644.0,2655.0,2630.0,,2603.0,2625.0,2647.0,,2710.0
2564,2647.0,2656.0,2632.0,,2605.0,2627.0,2648.0,,2711.0
2567,2648.0,2658.0,2633.0,,2609.0,2628.0,2649.0,,2716.0
2577,2653.0,2663.0,2637.0,,2614.0,2629.0,2653.0,,2718.0
2579,2656.0,2665.0,2644.0,,2615.0,2630.0,2656.0,,2726.0
2589,2658.0,2676.0,2646.0,,2618.0,2632.0,2658.0,,2727.0
2590,2662.0,2677.0,2647.0,,2625.0,2633.0,2663.0,,2728.0
2591,2663.0,2679.0,2648.0,,2627.0,2637.0,2665.0,,2729.0
2597,2665.0,2682.0,2649.0,,2628.0,2644.0,2676.0,,2733.0
2599,2676.0,2684.0,2653.0,,2629.0,2647.0,2677.0,,2734.0
2601,2677.0,2689.0,2655.0,,2630.0,2648.0,2679.0,,2735.0
2603,2679.0,2691.0,2656.0,,2632.0,2649.0,2682.0,,2739.0
2605,2682.0,2692.0,2658.0,,2633.0,2653.0,2684.0,,2740.0
2609,2684.0,2694.0,2663.0,,2637.0,2656.0,2689.0,,2749.0
2614,2689.0,2699.0,2665.0,,2647.0,2658.0,2691.0,,2756.0
2615,2691.0,2705.0,2677.0,,2648.0,2663.0,2692.0,,2757.0
2618,2692.0,2706.0,2679.0,,2649.0,2665.0,2694.0,,2759.0
2627,2694.0,2709.0,2682.0,,2653.0,2676.0,2699.0,,2762.0
2628,2699.0,2711.0,2684.0,,2655.0,2677.0,2705.0,,2764.0
2629,2705.0,2716.0,2689.0,,2656.0,2679.0,2706.0,,2765.0
2630,2706.0,2717.0,2691.0,,2658.0,2682.0,2709.0,,2767.0
2632,2709.0,2718.0,2692.0,,2663.0,2684.0,2710.0,,2771.0
2633,2711.0,2726.0,2694.0,,2665.0,2689.0,2711.0,,2776.0
2637,2714.0,2727.0,2699.0,,2676.0,2691.0,2714.0,,2780.0
2647,2716.0,2728.0,2705.0,,2677.0,2692.0,2716.0,,2781.0
2648,2717.0,2729.0,2706.0,,2679.0,2694.0,2717.0,,2786.0
2653,2718.0,2733.0,2709.0,,2682.0,2699.0,2718.0,,2787.0
2656,2721.0,2734.0,2711.0,,2684.0,2705.0,2721.0,,2789.0
2658,2726.0,2735.0,2714.0,,2689.0,2706.0,2726.0,,2793.0
2663,2727.0,2740.0,2716.0,,2691.0,2709.0,2727.0,,2795.0
2665,2728.0,2745.0,2717.0,,2692.0,2710.0,2728.0,,2800.0
2676,2729.0,2747.0,2718.0,,2694.0,2711.0,2729.0,,2801.0
2677,2733.0,2748.0,2726.0,,2699.0,2714.0,2733.0,,2806.0
2679,2734.0,2749.0,2727.0,,2705.0,2716.0,2734.0,,2809.0
2682,2735.0,2754.0,2728.0,,2706.0,2717.0,2735.0,,2810.0
2684,2739.0,2756.0,2729.0,,2709.0,2718.0,2739.0,,2811.0
2689,2740.0,2757.0,2733.0,,2710.0,2721.0,2740.0,,2812.0
2691,2745.0,2759.0,2734.0,,2711.0,2726.0,2745.0,,2813.0
2692,2748.0,2762.0,2735.0,,2714.0,2727.0,2748.0,,2814.0
2694,2749.0,2764.0,2740.0,,2716.0,2728.0,2749.0,,2815.0
2699,2754.0,2765.0,2745.0,,2717.0,2729.0,2754.0,,2817.0
2705,2756.0,2767.0,2749.0,,2718.0,2733.0,2756.0,,2818.0
2706,2757.0,2776.0,2754.0,,2721.0,2734.0,2757.0,,2822.0
2709,2759.0,2780.0,2756.0,,2726.0,2735.0,2759.0,,2828.0
2710,2762.0,2781.0,2757.0,,2727.0,2740.0,2762.0,,2829.0
2711,2764.0,2784.0,2759.0,,2728.0,2745.0,2764.0,,2831.0
2714,2765.0,2786.0,2762.0,,2729.0,2749.0,2765.0,,2833.0
2716,2767.0,2787.0,2765.0,,2733.0,2754.0,2767.0,,2835.0
2717,2776.0,2789.0,2767.0,,2734.0,2756.0,2771.0,,2836.0
2718,2780.0,2793.0,2776.0,,2735.0,2757.0,2776.0,,2837.0
2721,2781.0,2795.0,2780.0,,2740.0,2759.0,2780.0,,2838.0
2726,2786.0,2800.0,2781.0,,2745.0,2762.0,2781.0,,2839.0
2727,2787.0,2801.0,2786.0,,2748.0,2764.0,2786.0,,2840.0
2728,2789.0,2806.0,2787.0,,2749.0,2765.0,2787.0,,2841.0
2729,2791.0,2809.0,2789.0,,2754.0,2767.0,2789.0,,2842.0
2733,2793.0,2810.0,2791.0,,2756.0,2776.0,2791.0,,2844.0
2734,2795.0,2811.0,2793.0,,2757.0,2780.0,2793.0,,2845.0
2735,2800.0,2812.0,2795.0,,2759.0,2781.0,2795.0,,2847.0
2739,2801.0,2813.0,2800.0,,2762.0,2784.0,2800.0,,2852.0
2740,2806.0,2814.0,2801.0,,2765.0,2786.0,2801.0,,2854.0
2749,2809.0,2815.0,2806.0,,2767.0,2787.0,2806.0,,2858.0
2756,2810.0,2817.0,2809.0,,2776.0,2789.0,2809.0,,2862.0
2757,2811.0,2822.0,2810.0,,2780.0,2791.0,2810.0,,2864.0
2759,2812.0,2824.0,2811.0,,2781.0,2793.0,2811.0,,2873.0
2762,2813.0,2828.0,2812.0,,2786.0,2795.0,2812.0,,2875.0
2764,2814.0,2829.0,2813.0,,2787.0,2800.0,2813.0,,2878.0
2765,2815.0,2831.0,2814.0,,2789.0,2801.0,2814.0,,2882.0
2767,2817.0,2833.0,2817.0,,2791.0,2806.0,2815.0,,2885.0
2776,2822.0,2835.0,2822.0,,2793.0,2809.0,2817.0,,2887.0
2780,2828.0,2836.0,2828.0,,2795.0,2810.0,2822.0,,2893.0
2781,2829.0,2838.0,2829.0,,2800.0,2811.0,2828.0,,2895.0
2786,2831.0,2839.0,2831.0,,2801.0,2812.0,2829.0,,2902.0
2787,2833.0,2840.0,2833.0,,2806.0,2813.0,2831.0,,2903.0
2789,2835.0,2841.0,2835.0,,2809.0,2814.0,2833.0,,2904.0
2793,2836.0,2842.0,2836.0,,2810.0,2815.0,2835.0,,2908.0
2795,2838.0,2844.0,2838.0,,2811.0,2817.0,2836.0,,2912.0
2800,2839.0,2845.0,2839.0,,2812.0,2822.0,2839.0,,2915.0
2801,2840.0,2847.0,2840.0,,2813.0,2828.0,2840.0,,2918.0
2806,2841.0,2852.0,2841.0,,2814.0,2829.0,2841.0,,2919.0
2809,2842.0,2854.0,2842.0,,2815.0,2831.0,2842.0,,2921.0
2810,2844.0,2858.0,2844.0,,2817.0,2833.0,2844.0,,2925.0
2811,2845.0,2862.0,2845.0,,2822.0,2835.0,2845.0,,2929.0
2812,2847.0,2864.0,2847.0,,2828.0,2836.0,2847.0,,2931.0
2813,2852.0,2873.0,2852.0,,2829.0,2838.0,2852.0,,2935.0
2814,2854.0,2875.0,2854.0,,2831.0,2839.0,2854.0,,2939.0
2815,2858.0,2878.0,2858.0,,2833.0,2840.0,2858.0,,2940.0
2817,2862.0,2882.0,2862.0,,2835.0,2841.0,2862.0,,2941.0
2818,2864.0,2884.0,2864.0,,2836.0,2842.0,2864.0,,2945.0
2822,2868.0,2885.0,2878.0,,2838.0,2844.0,2868.0,,2949.0
2828,2875.0,2887.0,2882.0,,2839.0,2845.0,2875.0,,2951.0
2829,2878.0,2891.0,2885.0,,2840.0,2847.0,2878.0,,2954.0
2831,2882.0,2893.0,2887.0,,2841.0,2852.0,2882.0,,2956.0
2833,2884.0,2895.0,2893.0,,2842.0,2854.0,2884.0,,2966.0
2835,2885.0,2902.0,2895.0,,2844.0,2858.0,2885.0,,2969.0
2836,2887.0,2903.0,2902.0,,2845.0,2862.0,2887.0,,2970.0
2838,2892.0,2904.0,2903.0,,2847.0,2864.0,2891.0,,2971.0
2839,2893.0,2908.0,2904.0,,2852.0,2868.0,2892.0,,2972.0
2840,2895.0,2912.0,2908.0,,2854.0,2878.0,2893.0,,2974.0
2841,2902.0,2914.0,2912.0,,2858.0,2882.0,2895.0,,2975.0
2842,2903.0,2915.0,2914.0,,2862.0,2885.0,2902.0,,2980.0
2844,2904.0,2918.0,2915.0,,2864.0,2887.0,2903.0,,2981.0
2845,2908.0,2919.0,2918.0,,2875.0,2892.0,2904.0,,2982.0
2847,2912.0,2921.0,2919.0,,2878.0,2893.0,2908.0,,2984.0
2852,2914.0,2925.0,2921.0,,2882.0,2895.0,2912.0,,2985.0
2854,2915.0,2929.0,2925.0,,2885.0,2902.0,2914.0,,2988.0
2862,2918.0,2931.0,2929.0,,2887.0,2903.0,2915.0,,2991.0
2864,2919.0,2932.0,2931.0,,2892.0,2904.0,2918.0,,2995.0
2873,2921.0,2934.0,2935.0,,2893.0,2908.0,2919.0,,2999.0
2875,2925.0,2935.0,2939.0,,2895.0,2912.0,2921.0,,3001.0
2878,2929.0,2939.0,2940.0,,2902.0,2914.0,2925.0,,3002.0
2882,2931.0,2940.0,2941.0,,2903.0,2915.0,2929.0,,3003.0
2884,2934.0,2941.0,2945.0,,2904.0,2918.0,2931.0,,3004.0
2885,2935.0,2945.0,2949.0,,2908.0,2919.0,2934.0,,3013.0
2887,2939.0,2949.0,2951.0,,2912.0,2921.0,2935.0,,3015.0
2891,2940.0,2951.0,2954.0,,2914.0,2925.0,2938.0,,3020.0
2892,2941.0,2954.0,2956.0,,2915.0,2929.0,2939.0,,3021.0
2893,2945.0,2956.0,2966.0,,2918.0,2931.0,2940.0,,3024.0
2895,2949.0,2966.0,2969.0,,2919.0,2935.0,2941.0,,3030.0
2902,2951.0,2969.0,2970.0,,2921.0,2939.0,2945.0,,3032.0
2903,2954.0,2970.0,2971.0,,2925.0,2940.0,2949.0,,3034.0
2904,2956.0,2971.0,2972.0,,2929.0,2941.0,2951.0,,3035.0
2908,2966.0,2972.0,2975.0,,2931.0,2945.0,2954.0,,3036.0
2912,2969.0,2975.0,2980.0,,2935.0,2949.0,2956.0,,3037.0
2914,2970.0,2980.0,2981.0,,2939.0,2951.0,2966.0,,3044.0
2915,2971.0,2981.0,2982.0,,2940.0,2954.0,2969.0,,3045.0
2918,2972.0,2982.0,2984.0,,2941.0,2956.0,2970.0,,3046.0
2919,2974.0,2984.0,2985.0,,2945.0,2966.0,2971.0,,3049.0
2921,2975.0,2985.0,2988.0,,2949.0,2969.0,2972.0,,3050.0
2925,2978.0,2988.0,2991.0,,2951.0,2970.0,2974.0,,3051.0
2929,2980.0,2991.0,2995.0,,2954.0,2971.0,2975.0,,3052.0
2931,2981.0,2995.0,2999.0,,2956.0,2972.0,2978.0,,3053.0
2934,2982.0,2996.0,3001.0,,2966.0,2975.0,2980.0,,3057.0
2935,2984.0,2999.0,3002.0,,2969.0,2978.0,2981.0,,3059.0
2938,2985.0,3001.0,3003.0,,2970.0,2980.0,2982.0,,3068.0
2939,2988.0,3002.0,3004.0,,2971.0,2981.0,2984.0,,3069.0
2940,2991.0,3003.0,3015.0,,2972.0,2982.0,2985.0,,3071.0
2941,2995.0,3004.0,3020.0,,2974.0,2984.0,2988.0,,3073.0
2945,2999.0,3011.0,3021.0,,2975.0,2985.0,2991.0,,3079.0
2949,3001.0,3013.0,3024.0,,2978.0,2988.0,2995.0,,3082.0
2951,3002.0,3015.0,3027.0,,2980.0,2991.0,2999.0,,3084.0
2954,3003.0,3020.0,3030.0,,2981.0,2995.0,3001.0,,3088.0
2956,3004.0,3021.0,3032.0,,2982.0,2999.0,3002.0,,3092.0
2966,3015.0,3024.0,3034.0,,2984.0,3001.0,3004.0,,3096.0
2969,3020.0,3027.0,3035.0,,2985.0,3002.0,3011.0,,3098.0
2970,3021.0,3030.0,3036.0,,2987.0,3004.0,3013.0,,3099.0
2971,3024.0,3032.0,3037.0,,2988.0,3015.0,3015.0,,3101.0
2972,3027.0,3035.0,3044.0,,2991.0,3020.0,3020.0,,3105.0
2974,3030.0,3037.0,3045.0,,2995.0,3021.0,3021.0,,3109.0
2975,3032.0,3044.0,3046.0,,2999.0,3024.0,3024.0,,3110.0
2978,3034.0,3045.0,3049.0,,3001.0,3027.0,3030.0,,3111.0
2980,3035.0,3046.0,3050.0,,3002.0,3030.0,3031.0,,3112.0
2981,3036.0,3049.0,3051.0,,3004.0,3032.0,3032.0,,3114.0
2982,3037.0,3050.0,3052.0,,3013.0,3035.0,3035.0,,3115.0
2984,3044.0,3051.0,3053.0,,3015.0,3036.0,3036.0,,3118.0
2985,3045.0,3052.0,3057.0,,3020.0,3037.0,3037.0,,3119.0
2987,3046.0,3053.0,3059.0,,3021.0,3044.0,3044.0,,3121.0
2988,3049.0,3057.0,3066.0,,3024.0,3045.0,3045.0,,3127.0
2991,3050.0,3059.0,3068.0,,3027.0,3046.0,3046.0,,3128.0
2995,3051.0,3068.0,3069.0,,3030.0,3049.0,3049.0,,3130.0
2999,3052.0,3069.0,3071.0,,3032.0,3050.0,3050.0,,3132.0
3001,3053.0,3071.0,3073.0,,3033.0,3051.0,3051.0,,3134.0
3002,3057.0,3075.0,3075.0,,3034.0,3052.0,3052.0,,3136.0
3004,3059.0,3079.0,3079.0,,3035.0,3053.0,3053.0,,3139.0
3011,3066.0,3082.0,3082.0,,3036.0,3057.0,3056.0,,3141.0
3013,3068.0,3084.0,3084.0,,3037.0,3059.0,3057.0,,3142.0
3015,3069.0,3096.0,3096.0,,3044.0,3066.0,3059.0,,3143.0
3020,3071.0,3098.0,3098.0,,3045.0,3068.0,3066.0,,3144.0
3021,3073.0,3099.0,3099.0,,3046.0,3069.0,3068.0,,3145.0
3024,3075.0,3101.0,3101.0,,3049.0,3071.0,3069.0,,3156.0
3027,3079.0,3105.0,3105.0,,3050.0,3073.0,3071.0,,3158.0
3030,3082.0,3109.0,3109.0,,3051.0,3075.0,3073.0,,3159.0
3032,3084.0,3110.0,3110.0,,3052.0,3079.0,3075.0,,3161.0
3033,3096.0,3111.0,3111.0,,3053.0,3082.0,3079.0,,3165.0
3034,3098.0,3112.0,3112.0,,3057.0,3084.0,3082.0,,3166.0
3035,3099.0,3114.0,3114.0,,3059.0,3098.0,3084.0,,3168.0
3036,3101.0,3115.0,3115.0,,3066.0,3099.0,3092.0,,3169.0
3037,3105.0,3118.0,3116.0,,3068.0,3101.0,3098.0,,3171.0
3044,3109.0,3119.0,3118.0,,3069.0,3105.0,3099.0,,3174.0
3045,3110.0,3121.0,3119.0,,3071.0,3109.0,3101.0,,3176.0
3046,3111.0,3128.0,3121.0,,3073.0,3110.0,3105.0,,3177.0
3049,3112.0,3132.0,3128.0,,3075.0,3111.0,3109.0,,3179.0
3050,3114.0,3134.0,3130.0,,3079.0,3112.0,3110.0,,3180.0
3051,3115.0,3136.0,3132.0,,3082.0,3114.0,3111.0,,3181.0
3052,3118.0,3137.0,3134.0,,3084.0,3115.0,3112.0,,3184.0
3053,3119.0,3139.0,3136.0,,3098.0,3118.0,3114.0,,3189.0
3057,3121.0,3141.0,3139.0,,3099.0,3119.0,3115.0,,3192.0
3059,3128.0,3142.0,3140.0,,3101.0,3121.0,3118.0,,3194.0
3068,3130.0,3143.0,3141.0,,3105.0,3128.0,3119.0,,3196.0
3069,3132.0,3144.0,3142.0,,3109.0,3129.0,3121.0,,3199.0
3071,3134.0,3145.0,3143.0,,3110.0,3130.0,3124.0,,3202.0
3073,3136.0,3155.0,3144.0,,3111.0,3132.0,3128.0,,3203.0
3075,3139.0,3156.0,3145.0,,3112.0,3134.0,3129.0,,3204.0
3079,3141.0,3158.0,3156.0,,3114.0,3136.0,3130.0,,3205.0
3082,3142.0,3159.0,3158.0,,3115.0,3139.0,3136.0,,3206.0
3084,3143.0,3161.0,3159.0,,3118.0,3141.0,3139.0,,3209.0
3092,3144.0,3165.0,3161.0,,3119.0,3142.0,3140.0,,3210.0
3098,3145.0,3166.0,3165.0,,3121.0,3143.0,3141.0,,3211.0
3099,3156.0,3168.0,3166.0,,3126.0,3144.0,3142.0,,3212.0
3101,3158.0,3169.0,3168.0,,3127.0,3145.0,3143.0,,3213.0
3105,3159.0,3171.0,3169.0,,3128.0,3155.0,3144.0,,3214.0
3109,3161.0,3173.0,3171.0,,3130.0,3156.0,3145.0,,3218.0
3110,3165.0,3177.0,3176.0,,3132.0,3158.0,3156.0,,3225.0
3111,3166.0,3179.0,3177.0,,3134.0,3159.0,3158.0,,3226.0
3112,3168.0,3180.0,3179.0,,3136.0,3161.0,3159.0,,3227.0
3114,3169.0,3181.0,3180.0,,3139.0,3165.0,3161.0,,3229.0
3115,3171.0,3184.0,3181.0,,3141.0,3166.0,3165.0,,3230.0
3118,3174.0,3189.0,3189.0,,3142.0,3168.0,3166.0,,3231.0
3119,3177.0,3194.0,3194.0,,3143.0,3169.0,3168.0,,3235.0
3121,3179.0,3196.0,3196.0,,3144.0,3171.0,3169.0,,3237.0
3128,3180.0,3199.0,3199.0,,3145.0,3174.0,3171.0,,3238.0
3130,3181.0,3202.0,3202.0,,3156.0,3177.0,3174.0,,3244.0
3132,3184.0,3203.0,3203.0,,3158.0,3179.0,3177.0,,3246.0
3134,3189.0,3204.0,3204.0,,3159.0,3180.0,3179.0,,3248.0
3136,3194.0,3205.0,3205.0,,3161.0,3181.0,3180.0,,3249.0
3139,3196.0,3209.0,3206.0,,3165.0,3189.0,3181.0,,3251.0
3141,3199.0,3210.0,3209.0,,3166.0,3194.0,3189.0,,3252.0
3142,3202.0,3211.0,3210.0,,3168.0,3196.0,3192.0,,3253.0
3143,3203.0,3212.0,3211.0,,3169.0,3199.0,3194.0,,3254.0
3144,3204.0,3213.0,3212.0,,3171.0,3202.0,3196.0,,3258.0
3145,3205.0,3214.0,3213.0,,3174.0,3203.0,3199.0,,3259.0
3155,3206.0,3225.0,3214.0,,3176.0,3204.0,3202.0,,3260.0
3156,3209.0,3226.0,3218.0,,3177.0,3205.0,3203.0,,3264.0
3158,3210.0,3227.0,3225.0,,3179.0,3206.0,3204.0,,3268.0
3159,3211.0,3229.0,3226.0,,3180.0,3209.0,3205.0,,3270.0
3161,3212.0,3230.0,3227.0,,3181.0,3210.0,3206.0,,3272.0
3165,3213.0,3231.0,3229.0,,3184.0,3211.0,3208.0,,3278.0
3166,3214.0,3235.0,3230.0,,3189.0,3212.0,3209.0,,3284.0
3168,3218.0,3237.0,3231.0,,3194.0,3213.0,3210.0,,3286.0
3169,3225.0,3238.0,3235.0,,3196.0,3214.0,3211.0,,3288.0
3171,3226.0,3244.0,3237.0,,3199.0,3225.0,3212.0,,3292.0
3173,3227.0,3245.0,3238.0,,3202.0,3226.0,3213.0,,3294.0
3174,3229.0,3248.0,3245.0,,3203.0,3227.0,3214.0,,3306.0
3177,3230.0,3249.0,3246.0,,3204.0,3229.0,3225.0,,3308.0
3179,3231.0,3251.0,3248.0,,3205.0,3230.0,3226.0,,3309.0
3180,3235.0,3252.0,3249.0,,3206.0,3231.0,3227.0,,3311.0
3181,3237.0,3253.0,3251.0,,3209.0,3235.0,3229.0,,3316.0
3184,3238.0,3254.0,3252.0,,3210.0,3237.0,3230.0,,3320.0
3189,3244.0,3258.0,3253.0,,3211.0,3238.0,3231.0,,3321.0
3194,3245.0,3259.0,3254.0,,3212.0,3244.0,3235.0,,3328.0
3196,3246.0,3260.0,3258.0,,3213.0,3245.0,3237.0,,3330.0
3199,3248.0,3264.0,3259.0,,3214.0,3246.0,3238.0,,3337.0
3202,3249.0,3268.0,3260.0,,3225.0,3248.0,3244.0,,3339.0
3203,3251.0,3269.0,3264.0,,3226.0,3249.0,3245.0,,3342.0
3204,3252.0,3270.0,3268.0,,3227.0,3251.0,3248.0,,3344.0
3205,3253.0,3272.0,3270.0,,3229.0,3252.0,3249.0,,3348.0
3206,3258.0,3278.0,3272.0,,3230.0,3253.0,3251.0,,3355.0
3209,3259.0,3284.0,3278.0,,3231.0,3254.0,3252.0,,3362.0
3210,3260.0,3286.0,3284.0,,3235.0,3258.0,3253.0,,3363.0
3211,3264.0,3288.0,3286.0,,3237.0,3259.0,3254.0,,3366.0
3212,3268.0,3292.0,3288.0,,3238.0,3260.0,3258.0,,3367.0
3213,3269.0,3294.0,3292.0,,3244.0,3264.0,3259.0,,3368.0
3214,3270.0,3302.0,3294.0,,3245.0,3268.0,3260.0,,3370.0
3218,3272.0,3306.0,3297.0,,3246.0,3269.0,3268.0,,3373.0
3225,3278.0,3308.0,3302.0,,3248.0,3270.0,3269.0,,3374.0
3226,3284.0,3309.0,3306.0,,3249.0,3272.0,3270.0,,3375.0
3227,3286.0,3311.0,3308.0,,3251.0,3278.0,3272.0,,3378.0
3229,3288.0,3316.0,3309.0,,3252.0,3284.0,3278.0,,3381.0
3230,3292.0,3320.0,3311.0,,3253.0,3286.0,3284.0,,3389.0
3231,3294.0,3321.0,3313.0,,3254.0,3292.0,3286.0,,3391.0
3235,3302.0,3324.0,3316.0,,3258.0,3294.0,3288.0,,3396.0
3237,3306.0,3328.0,3320.0,,3259.0,3306.0,3292.0,,3397.0
3238,3308.0,3330.0,3321.0,,3260.0,3308.0,3294.0,,3398.0
3244,3309.0,3337.0,3324.0,,3264.0,3309.0,3302.0,,3399.0
3245,3311.0,3339.0,3325.0,,3268.0,3311.0,3306.0,,3400.0
3246,3316.0,3341.0,3326.0,,3270.0,3316.0,3308.0,,3405.0
3248,3320.0,3342.0,3328.0,,3272.0,3320.0,3309.0,,3408.0
3249,3321.0,3344.0,3330.0,,3278.0,3321.0,3311.0,,3411.0
3251,3324.0,3348.0,3337.0,,3284.0,3324.0,3316.0,,3413.0
3252,3325.0,3355.0,3339.0,,3286.0,3325.0,3320.0,,3416.0
3253,3328.0,3363.0,3342.0,,3288.0,3328.0,3321.0,,3425.0
3254,3330.0,3366.0,3344.0,,3292.0,3330.0,3324.0,,3428.0
3258,3337.0,3367.0,3348.0,,3294.0,3337.0,3325.0,,3435.0
3259,3339.0,3368.0,3355.0,,3306.0,3339.0,3328.0,,3440.0
3260,3342.0,3369.0,3362.0,,3308.0,3342.0,3330.0,,3444.0
3264,3344.0,3370.0,3363.0,,3309.0,3344.0,3337.0,,3445.0
3270,3348.0,3373.0,3366.0,,3311.0,3348.0,3339.0,,3446.0
3272,3355.0,3374.0,3367.0,,3316.0,3355.0,3342.0,,3448.0
3278,3362.0,3375.0,3368.0,,3320.0,3362.0,3344.0,,3456.0
3284,3363.0,3378.0,3369.0,,3321.0,3363.0,3348.0,,3457.0
3286,3366.0,3381.0,3370.0,,3324.0,3366.0,3355.0,,3459.0
3288,3367.0,3389.0,3373.0,,3325.0,3367.0,3363.0,,3460.0
3292,3368.0,3391.0,3375.0,,3328.0,3368.0,3367.0,,3461.0
3294,3370.0,3395.0,3378.0,,3330.0,3370.0,3368.0,,3462.0
3297,3373.0,3396.0,3389.0,,3337.0,3373.0,3369.0,,3465.0
3306,3375.0,3397.0,3391.0,,3339.0,3374.0,3370.0,,3466.0
3308,3376.0,3398.0,3395.0,,3342.0,3375.0,3372.0,,3468.0
3309,3378.0,3400.0,3396.0,,3344.0,3378.0,3374.0,,3469.0
3311,3381.0,3405.0,3397.0,,3348.0,3381.0,3375.0,,3471.0
3313,3389.0,3406.0,3398.0,,3355.0,3389.0,3376.0,,3473.0
3316,3391.0,3408.0,3399.0,,3362.0,3391.0,3378.0,,3476.0
3320,3395.0,3411.0,3400.0,,3363.0,3395.0,3381.0,,3482.0
3321,3397.0,3412.0,3405.0,,3366.0,3396.0,3389.0,,3483.0
3324,3398.0,3413.0,3406.0,,3367.0,3397.0,3391.0,,3488.0
3328,3399.0,3416.0,3408.0,,3368.0,3398.0,3395.0,,3489.0
3330,3400.0,3425.0,3411.0,,3370.0,3399.0,3397.0,,3491.0
3337,3405.0,3428.0,3412.0,,3373.0,3400.0,3398.0,,3494.0
3339,3408.0,3430.0,3413.0,,3374.0,3405.0,3400.0,,3495.0
3341,3411.0,3433.0,3416.0,,3375.0,3406.0,3405.0,,3497.0
3342,3412.0,3435.0,3425.0,,3376.0,3408.0,3408.0,,3502.0
3344,3413.0,3440.0,3428.0,,3378.0,3411.0,3411.0,,3504.0
3348,3416.0,3442.0,3433.0,,3381.0,3412.0,3413.0,,3505.0
3355,3425.0,3444.0,3435.0,,3389.0,3413.0,3416.0,,3506.0
3363,3428.0,3445.0,3440.0,,3391.0,3416.0,3425.0,,3512.0
3368,3433.0,3446.0,3441.0,,3395.0,3425.0,3428.0,,3514.0
3370,3435.0,3448.0,3444.0,,3396.0,3428.0,3433.0,,3517.0
3373,3440.0,3457.0,3445.0,,3397.0,3433.0,3435.0,,3523.0
3374,3442.0,3459.0,3448.0,,3398.0,3435.0,3440.0,,3525.0
3375,3444.0,3460.0,3457.0,,3399.0,3440.0,3441.0,,3528.0
3376,3445.0,3461.0,3459.0,,3400.0,3442.0,3444.0,,3529.0
3378,3446.0,3462.0,3461.0,,3405.0,3444.0,3445.0,,3530.0
3381,3448.0,3465.0,3465.0,,3406.0,3445.0,3446.0,,3538.0
3389,3456.0,3466.0,3466.0,,3408.0,3446.0,3448.0,,3550.0
3391,3457.0,3468.0,3468.0,,3411.0,3448.0,3456.0,,3553.0
3395,3459.0,3469.0,3469.0,,3412.0,3456.0,3457.0,,3557.0
3396,3460.0,3471.0,3471.0,,3413.0,3457.0,3459.0,,3559.0
3397,3461.0,3473.0,3473.0,,3416.0,3459.0,3460.0,,3567.0
3398,3465.0,3476.0,3476.0,,3425.0,3460.0,3461.0,,3574.0
3399,3466.0,3482.0,3482.0,,3428.0,3461.0,3465.0,,3577.0
3405,3468.0,3483.0,3483.0,,3430.0,3465.0,3466.0,,3578.0
3408,3469.0,3488.0,3488.0,,3433.0,3466.0,3468.0,,3580.0
3411,3471.0,3489.0,3489.0,,3435.0,3468.0,3469.0,,3583.0
3412,3473.0,3491.0,3491.0,,3440.0,3469.0,3471.0,,3585.0
3413,3476.0,3494.0,3494.0,,3442.0,3471.0,3473.0,,3588.0
3416,3482.0,3495.0,3495.0,,3444.0,3473.0,3476.0,,3589.0
3425,3483.0,3497.0,3497.0,,3445.0,3476.0,3482.0,,
3428,3488.0,3502.0,3502.0,,3448.0,3482.0,3483.0,,
3430,3489.0,3504.0,3504.0,,3456.0,3483.0,3488.0,,
3433,3491.0,3505.0,3505.0,,3457.0,3488.0,3489.0,,
3435,3494.0,3506.0,3506.0,,3459.0,3489.0,3491.0,,
3440,3495.0,3512.0,3512.0,,3460.0,3491.0,3494.0,,
3442,3497.0,3514.0,3514.0,,3461.0,3494.0,3495.0,,
3444,3502.0,3517.0,3516.0,,3465.0,3495.0,3497.0,,
3445,3504.0,3523.0,3517.0,,3466.0,3497.0,3502.0,,
3446,3505.0,3525.0,3523.0,,3468.0,3502.0,3504.0,,
3448,3506.0,3528.0,3525.0,,3469.0,3504.0,3505.0,,
3456,3512.0,3529.0,3528.0,,3471.0,3505.0,3506.0,,
3457,3514.0,3530.0,3530.0,,3473.0,3506.0,3512.0,,
3459,3517.0,3532.0,3538.0,,3476.0,3512.0,3514.0,,
3460,3523.0,3538.0,3550.0,,3482.0,3514.0,3517.0,,
3461,3525.0,3550.0,3553.0,,3483.0,3517.0,3523.0,,
3462,3528.0,3553.0,3557.0,,3488.0,3523.0,3525.0,,
3465,3529.0,3557.0,3559.0,,3489.0,3525.0,3528.0,,
3466,3530.0,3559.0,3567.0,,3491.0,3528.0,3529.0,,
3468,3538.0,3564.0,3574.0,,3494.0,3529.0,3530.0,,
3469,3550.0,3567.0,3575.0,,3495.0,3530.0,3532.0,,
3471,3553.0,3574.0,3578.0,,3497.0,3538.0,3538.0,,
3473,3557.0,3578.0,3580.0,,3502.0,3550.0,3550.0,,
3476,3559.0,3580.0,3585.0,,3504.0,3553.0,3553.0,,
3482,3567.0,3585.0,3588.0,,3505.0,3557.0,3557.0,,
3483,3574.0,3588.0,3589.0,,3506.0,3559.0,3559.0,,
3488,3578.0,3589.0,,,3512.0,3567.0,3567.0,,
3489,3580.0,,,,3514.0,3574.0,3574.0,,
3491,3585.0,,,,3517.0,3578.0,3577.0,,
3494,3588.0,,,,3523.0,3580.0,3578.0,,
3495,3589.0,,,,3525.0,3585.0,3580.0,,
3497,,,,,3528.0,3588.0,3585.0,,
3502,,,,,3529.0,3589.0,3588.0,,
3504,,,,,3530.0,,3589.0,,
3505,,,,,3538.0,,,,
3506,,,,,3550.0,,,,
3512,,,,,3553.0,,,,
3514,,,,,3557.0,,,,
3517,,,,,3559.0,,,,
3523,,,,,3567.0,,,,
3525,,,,,3574.0,,,,
3528,,,,,3577.0,,,,
3529,,,,,3578.0,,,,
3530,,,,,3580.0,,,,
3538,,,,,3585.0,,,,
3550,,,,,3588.0,,,,
3552,,,,,3589.0,,,,
3553,,,,,,,,,
3557,,,,,,,,,
3564,,,,,,,,,
3567,,,,,,,,,
3574,,,,,,,,,
3575,,,,,,,,,
3578,,,,,,,,,
3580,,,,,,,,,
3583,,,,,,,,,
3585,,,,,,,,,
3588,,,,,,,,,
3589,,,,,,,,,
